"hhid","AGroup_ID","s8cq01","s8cq02","s8cq03","s8cq04","s8cq05","s8cq6a","s8cq6b"
"0007d1f1449242feb5a25429644fb991",107,1,2,0,,,,
"0010cbae3cea4ec9831f6cd92b02dc16",107,0,,,,,,
"00246782f8654441a9df0f6ec0b6fc9f",107,0,,,,,,
"003ed8d32f794609919d60d2ed8813e8",107,1,12,6,5,1800,3,
"00cb487f12014891b3efa5c8679d18ab",107,2,17,0,,,,
"00dc3a212a1f40698656b2dc7cc97a85",107,1,2,0,,,,
"018d29620fa44db282c80b6627413e5c",107,0,,,,,,
"0192cb54d502450ca603738439bf616f",107,0,,,,,,
"01d0f651c2534a1f8355b9e10e0e9dcb",107,1,12,0,,,,
"01d54a65224747fba33cf7b310c7435e",107,3,30,0,,,,
"0222b766ba3d494fbf6fe07cf260dac4",107,0,,,,,,
"02449af9963842c8b8f615b2232735b1",107,8,40,0,,,,
"025b88ecba4a44279935bd4a0d19bccd",107,1,9,0,,,,
"02fbc725a3074d0fa9debb7a02ba23fb",107,1,12,0,,,,
"03003a6f1ccd4b1290629662229b5d83",107,0,,,,,,
"034a672611304ed3a91b8a062f4d4046",107,0,,,,,,
"0368af34cb614bae9ef98c927741984d",107,4,40,0,,,,
"03d9ca9332d545378b468a1883127d8b",107,4,32,0,,,,
"040b3ad7eb264e30acc111646f03422a",107,3,40,0,,,,
"044116a438c040a898ba43daf6bdc2ea",107,0,,,,,,
"046067ad635647c5a02c03f1790df520",107,1,11,0,,,,
"0464b7af72994dea923644331716d84e",107,2,14,0,,,,
"0495834806fb40adb50e0fd619ef5094",107,3,30,0,,,,
"04b011de772e4ce08e33e461bb1741eb",107,5,50,0,,,,
"04c814d7b9cb4aa2b651aa2e31acf4e9",107,0,,,,,,
"04d55903a5d448c3953d1d1ceda1084d",107,1,11,0,,,,
"04ee28189feb42c6a75acb852661aef1",107,0,,,,,,
"051abf68db894b34a1ecfa22bd2a2509",107,4,24,0,,,,
"052f8d3f81c3477aa9366a24c54ddf83",107,0,,,,,,
"05743465c6254f7baedf141b6381f400",107,0,,,,,,
"05863e44874d4d0bbe8abdc95d9249b2",107,2,26,10,5,3000,1,
"0586e2b9bcd24aa3bf31580492500327",107,0,,,,,,
"05b5aece409440ff8a1231a07558d979",107,30,2,0,,,,
"0602eb95ac184ad3aa8fdba309f3f946",107,3,51,0,,,,
"06122c47fee6432f8b973b9ea525fe57",107,2,18,0,,,,
"061989138f624a46be5860a6f7e8934b",107,3,30,0,,,,
"068c76ff148d44fcbb4ab89429adcb6c",107,5,20,0,,,,
"06b36c2c9668465ead2665345a45355a",107,40,10,0,,,,
"07446a0d279c4168ae5f4a5aab842b4d",107,4,20,15,4,4500,1,2
"078096ed82bd4b369317a5c4329d7dd8",107,1,12,0,,,,
"079e6812fb50405bbe8cb744b5ef6afd",107,1,11,0,,,,
"07b346723489448b99ea7d75a5cd2458",107,2,30,0,,,,
"07b5c28dd52642b69def9db9df074dc0",107,0,,,,,,
"07b6c4f12d054292b7b786ef2dd45835",107,0,,,,,,
"07cc9720213b487385812471bc510785",107,2,18,0,,,,
"0838ec2a8a6147e4936272a5b65b909c",107,1,10,0,,,,
"0860ea9bebf44de1ac82a1e0e866a570",107,0,,,,,,
"088d7d7eb37b4683b391bf34b48482d2",107,3,15,0,,,,
"089f1c1e30d94938ad4a28294030f670",107,0,,,,,,
"08a622bfb26f4199bde601e058ccf58d",107,1,10,0,,,,
"091517b1a65147a7a3aa3b6c93500495",107,1,9,0,,,,
"091931736aa74c1c900335dad7a3f709",107,0,,,,,,
"093cbecd77b441179f3704a9d5bb4367",107,1,5,0,,,,
"09c9f51b98214abca30f1cc1accd7cb9",107,3,25,0,,,,
"0aaa3c3864af4ed5976f59eea475f982",107,0,,,,,,
"0ab0754b5398494b863f05891f237892",107,2,17,0,,,,
"0af10a2d6b914d418b2b5b671d12d653",107,0,,,,,,
"0b3b982602d04173ad3b1e70959cbfd3",107,20,60,0,,,,
"0b5d1c5449044517bcce04bac511725e",107,1,12,0,,,,
"0ba00f819c6a456f90b6b9ddca903379",107,1,15,8,2,3200,1,2
"0bc5ec21008a47488be5243e01553a26",107,2,25,10,2,5000,2,
"0bcc7f6fcdc64e7f925c80713a7d5db4",107,1,10,0,,,,
"0c22a7dbc0cb4cbea89c01a94b82c7e1",107,0,,,,,,
"0c4a4cf0e7ea4067b33aaa955c36715f",107,4,42,0,,,,
"0c6412b6bb304caab71edeea852ef471",107,1,5,0,,,,
"0cac75ed84684d18b700549a520c0f1f",107,1,10,0,,,,
"0cceefffc29f4817b783a8cd577393d7",107,2,15,0,,,,
"0cfefdeb042a4b39af8af9a6a53cadba",107,5,35,0,,,,
"0d1155056d5a49f592537fdeea3284d3",107,3,16,0,,,,
"0dcf445c997649629cfe96bdbe03d028",107,2,12,0,,,,
"0e0d592eae8546e29fa5672ad599d418",107,20,3,0,,,,
"0e102ce9336c4724a1e17db925d74f0d",107,1,15,0,,,,
"0e3cce40118845f3b1d19bf598b412c7",107,1,30,0,,,,
"0eb4081fc0ce4fb587566bae32097f9f",103,0,,,,,,
"0effe952b7be4f59ad5382bc3643699f",107,0,,,,,,
"0f120ff4c01e4c2bacbc7c513fbb1d9f",107,4,65,0,,,,
"0f50e94a1c4846ed9fbbb1db8394476f",107,0,,,,,,
"0f799e7ce9224d0aae0da65f6c9f0860",107,2,20,0,,,,
"0f8f2b0cc7a84d8d8e21442c1828a004",107,1,4,0,,,,
"0f96f2f08b13450f8f8534815f565d6a",107,0,,,,,,
"0fce92d4977d4f40bbfd03850e836f41",107,0,,,,,,
"1007d8148aa340fb9a57a7acc47815d9",107,0,,,,,,
"106e62b69ccd4b5eb8be8453f362c3e4",107,1,8,0,,,,
"1077485d26ad4ccf8204fd689b25af85",107,0,,,,,,
"1080d7ee40774255aaad103a1649b0d9",107,3,39,0,,,,
"10ab9a4c247440f59907df17fc6a4903",107,0,,,,,,
"10bc6b069d1043d7842d42e00e77e3b3",107,2,24,0,,,,
"10de89a4467f4695b9cbc4ff047645ad",107,1,4,0,,,,
"10f7273800934853a99514f2c9bf3580",107,3,45,0,,,,
"11071ed7d8a44327a0e7e3eb61f26633",107,1,5,0,,,,
"1112c2eca9fc455a9a63e4fa51e352ab",107,4,60,0,,,,
"11374e7021354243a76d552aa08240f1",107,1,9,0,,,,
"114b358f60a641a59cb3be10f748e144",107,0,,,,,,
"115133c671c54c2b8da92613a289c8b8",107,2,32,0,,,,
"1152a2d0a61840e29ec5ab12bcea2e2d",107,0,,,,,,
"1158beb5ce1a4af79f14684f8a1d1118",107,0,,,,,,
"11733cd5dcc74cc8a4fbf0a4175a48cb",107,2,8,0,,,,
"11849db1f29e4b0cb08e6eeda1fbfb30",107,1,9,0,,,,
"118ed11d7bd54ee7b214583d466c80bb",107,1,12,0,,,,
"127f15a55af74b54bab9b6bf6d995bdd",107,6,26,0,,,,
"129e90e0b1534943b07e61e5b50d632b",107,0,,,,,,
"12d9093756604f24b9255e1ba86dbd4f",107,0,,,,,,
"12f5ebcc6aa8416d9bae426583f43f89",107,0,,,,,,
"131d9d8b687841c6b70b01782950c1a2",107,1,10,0,,,,
"1352711330774897bf79dee40417879c",107,0,,,,,,
"139242bfd93d4d5481216a222524d04b",107,2,28,0,,,,
"13bbb610652645e3bde6239310be0af2",107,1,30,0,,,,
"1410e723b01e4bf69e78d9ab6721cff6",107,0,,,,,,
"144b7e78b04746d4bf4b3a17e62eae1c",107,0,,,,,,
"14e10f677117459db2b9b2895e7c722e",107,0,,,,,,
"15427620b2844715a0283e4a1a08f8b2",107,1,10,0,,,,
"154d7de01c32469fbf4aae1ad7feff51",107,1,15,0,,,,
"157a396573164b868b4082633fcfe851",107,2,29,0,,,,
"15fe3b6164aa476cb57d96fb94be4353",107,0,,,,,,
"165a1e8e700c4e6f9977913e11df0a97",107,0,,,,,,
"16a65db8e5df4fe6b616fa82ff725250",107,2,16,0,,,,
"16caa101b05c4019b6297053ddc9eafe",107,0,,,,,,
"17233724877245b09fb85a552e6c44a7",107,0,,,,,,
"1729c4f5581e4aceb8f17d06fce15ed4",107,1,10,0,,,,
"175e7c6516be47beacb811ab86baffaa",107,1,21,0,,,,
"17a884c8ed9e4ea891be76efa97d08c6",107,2,15,0,,,,
"17b3a7f9a9bb48608d1561619d7ab66e",107,1,15,0,,,,
"17d493f37f5240f1ab444e863bf4a430",107,1,15,0,,,,
"17efd64876a946c4ac7ac548aa933c41",107,0,,,,,,
"18503ab4e314401a8ac5a5eb63ab4351",107,1,6,0,,,,
"188362933a9141d397ea8451677d4c14",107,0,,,,,,
"18999e7f64fc4843a27c7c089bafb852",107,1,6,0,,,,
"191014f8dc824e02b771df097ede918b",107,0,,,,,,
"191d75d796be49808dd3a85c7ebe8b7c",107,1,10,5,5,1500,1,
"193cf962b1a344c185c6cefba882b7d4",107,0,,,,,,
"1a01e7d9d0d74b5ab6f701c27ee0ff78",107,1,3,0,,,,
"1a4ac0322d4c4cad97376ec4268cf20d",107,2,14,0,,,,
"1a84383c92324677a36acd35ee170405",107,2,16,0,,,,
"1af76d643b15430ba98ecdbc7e76f894",107,1,7,0,,,,
"1af78993dda447e9b94e6fd57d9f9759",107,0,,,,,,
"1b3281db1d2047f88013a14f5df40e67",107,6,25,0,,,,
"1b53079ceaf94e0396763c32908ac53f",107,2,17,0,,,,
"1bb5cbd1e2e247dc961520e4bf821f00",107,1,14,0,,,,
"1bdbf2c002c341fdb27ba09e8608f4e7",107,1,18,0,,,,
"1c337f7b888a44fd836b267fa7edbc2f",107,1,10,0,,,,
"1c41b5d7c9f943f2aee30403e83b187d",107,0,,,,,,
"1c4214f6641e482591c91735f5d022b0",107,0,,,,,,
"1c9e0c6842514df987190903df844a48",107,1,15,0,,,,
"1d47458568984727844c852213f7ede1",107,0,,,,,,
"1d47e47ac8a2462b95e722667dbf3dc8",107,1,8,0,,,,
"1d5e4c1f17aa4672b0c6b638b10a58ff",107,0,,,,,,
"1d672eb8ea6c4e6799a9a0c2233645d7",103,0,,,,,,
"1d67353f483347f1ac53e80407cacb54",107,3,45,0,,,,
"1d7ef5a2fe3f4af59e18768a7e63d24d",107,3,25,0,,,,
"1dac5db687b34fd0b60a6254b5f9f850",107,5,25,0,,,,
"1dde61b25fcb4c269b7e1c154b83c159",107,2,12,0,,,,
"1de671dc290c488296a0d7820017baea",107,4,44,30,5,9000,1,2
"1e5254364a5e4079a8a51db53904c345",107,0,,,,,,
"1e951f7b564247088afe5da99452ba04",107,2,8,0,,,,
"1eb0387601424300a1f0f9b1dc3b6c10",107,2,12,0,,,,
"1ece1b49d0064ce4898999eeebcadb6f",107,2,30,0,,,,
"1ef1bb52e6184972a679f8183203a57e",107,1,15,0,,,,
"1f5b0d10f8e34735b03f51e5c0a08f64",107,2,40,0,,,,
"1f9dbd1c79e94b1fb924ed9184539419",107,2,8,0,,,,
"1fb6e880414f4ad3a2eaf4215ff6c077",107,1,15,0,,,,
"1fe4c1318fd54f66b040b4dfb416ef74",107,0,,,,,,
"1feae0aafc18488bb26fd8f058eec380",107,2,20,0,,,,
"20296c93a4814fb9b7219849e175b929",107,0,,,,,,
"207816d73e9f4cd6995648165702bdad",107,1,7,0,,,,
"20dab0d44f7d4d1c866c7ba5d226f65b",107,2,16,0,,,,
"2140c5c82fb2488b8e6036d60d423225",107,2,16,10,2,5000,2,
"21944e9e090548d9a50673fe2601883a",107,1,12,0,,,,
"21a9703d5a584c8a9db2416f2de76485",107,0,,,,,,
"21b135ceacfe44c6b35bfc0710e0060b",107,1,15,0,,,,
"21b9661e2f1d4176a54808373138ff63",107,3,28,0,,,,
"21d47202fc3b40a28314cce1f536c864",107,0,,,,,,
"21eb4154ed39408eaeb0ca0f264c67f0",107,0,,,,,,
"21f10611df214254b3541c9eb5c93c13",107,1,11,0,,,,
"222ddd7beeb6427cac3030800bd3ab80",107,1,5,0,,,,
"223eaf0efc8f4a89a92e0835945ff65d",107,0,,,,,,
"226f458fa11e4919a3a22cbece5b1056",107,0,,,,,,
"228ea02d49594149a81805983d000ce9",107,1,10,0,,,,
"22f1abe41cf647788695382514c0e513",107,4,4,0,,,,
"2354aa9ee2ae4dc7b1401ec1ea40ac5b",107,0,,,,,,
"236cfc7a73be4fbf961dfe0e1da153f0",107,2,23,0,,,,
"2415bfb664dd47aa87a7abb041406378",107,35,22,0,,,,
"2429ea144b6f4c41b194a3e6237278ac",107,1,7,0,,,,
"242b689ce8ac46a8ad1ac1b4d235ba50",107,1,13,0,,,,
"2451893ed622478f9ad724cc2eaadfb4",107,0,,,,,,
"24986699bf914802aa52cc82ae3f08ed",107,3,18,0,,,,
"249c428c330a48f2a07de4ea7142aed5",107,1,12,2,2,600,1,2
"25433274635a41ac80e8eeb62a694a1a",107,1,15,0,,,,
"25723a685ea44c71818d35eca6ec3d87",107,0,,,,,,
"25bca54a351240c7900a48203fade4b4",107,1,10,0,,,,
"25db106efa724efdb5c0420e2bd97944",107,1,14,0,,,,
"25ef06fd5b5e476592286c005f1f0ef8",107,1,3,0,,,,
"2628668b68a743a887d2ac87bc06bd7f",107,2,28,0,,,,
"2685d3b1b9234db18251e00d64a692ad",107,1,12,0,,,,
"26a74b4ae08b47dd8bb32c4f2017a928",107,0,,,,,,
"26c05771d2a0402ca79673bd662a8a43",107,0,,,,,,
"26cdf966ad3d4347a3b64baeba4acc3d",107,1,6,0,,,,
"275628d5ba744b6585a7e7b6f5ba8e45",107,0,,,,,,
"2793689c81fe4a66a7cfe86d1b3150f9",107,0,,,,,,
"2799950e3b464fd1b3458b74361da9b9",107,6,80,10,4,3000,1,
"282cd74076c2438f921c0ccf6160fdfe",107,0,,,,,,
"28af7e0f8a5848d2a619672b42748bdd",107,2,13,0,,,,
"28cd2ccd0f144e4c816092654cfc2727",107,1,10,0,,,,
"28cf2e844e8f4445bf3bfccc02b66b49",107,0,,,,,,
"28cfecdc40fb49b1b9bb757b7bb7626e",107,1,10,0,,,,
"28d1746496ae4f63975319dc27f41ae4",107,0,,,,,,
"28e84a3ac5994a6e841ea52a5edde060",107,3,20,0,,,,
"2951158410a34c3fb286fcd6f5179ddc",107,1,10,0,,,,
"299b40786b2c48c9adba592b446d121c",107,0,,,,,,
"29d372b1412b47f8a56376ec4cf28707",107,0,,,,,,
"29dcaae51e0c4eb1af6e61890ed94c84",107,0,,,,,,
"2a4a4d639a864da0802b0c7528b8527e",107,4,30,0,,,,
"2abee6b40eee427f9120d72d7042384c",107,1,8,0,,,,
"2b1b98ad61374253a463d772ee88c4fb",107,5,30,20,2,10000,1,
"2b1dcf8e46814b0d86fa770b4e497071",107,1,5,0,,,,
"2c26585736444489a370ee90f939872c",107,0,,,,,,
"2c5fb73501804b39ad74d51b52188688",107,2,12,0,,,,
"2c67277ecc1b43d8b277ad2a8ed09109",107,0,,,,,,
"2c788389ef5042f1bbf453bbce1e82fb",107,0,,,,,,
"2c7a8030ba1443ee83f2412f80843d3b",103,700,4050,4050,2,34425000,2,
"2cb804b7711d43ba95d3df4f65936505",107,2,18,0,,,,
"2ccb2dbb24b4411ab872957322c924ba",107,0,,,,,,
"2d1032055a2b43c6ae7d38ec2aacf301",107,3,18,0,,,,
"2d3a68f349084c0e9cb37611f20112f0",107,2,26,10,5,4000,1,2
"2d683a86b3e247ed8e8d9c59c8dba618",107,0,,,,,,
"2d7073406afa4cdcb09254fbfb1212e2",107,0,,,,,,
"2d7be721effb4608a669a2f7bcf83acd",107,2,20,0,,,,
"2d960783a5b049c782e95da6a18838c8",107,2,20,0,,,,
"2da7d0700b344400bedff350462b9339",107,2,22,0,,,,
"2db5794700a442ada4dacc58fbefc9ca",107,1,10,0,,,,
"2dd973cdd68e4aebb9022299bb510b2d",107,2,30,0,,,,
"2dec332ec9804d0c99abf514cc1ac2ae",107,0,,,,,,
"2e0d1e0be385438b985f3cc71a95d5e9",107,1,10,0,,,,
"2e1a8d093a4949cf926905e415f3a464",107,1,16,0,,,,
"2e24a9f67c484ace96e7b4801f273a95",107,0,,,,,,
"2e3d46d854754424a951d6c3a4cb46bf",107,2,12,0,,,,
"2e51386a842c4e8fb28678dcb527c9f1",107,1,10,0,,,,
"2e54cfca53094a08aedf362218eb519a",107,0,,,,,,
"2ec765c0b7cb43888fd93a18a79252dc",107,1,8,0,,,,
"2ee24a84680e4852af8da664df0fd0e9",107,3,24,0,,,,
"2f1a139a0e0646bc871ff544012d7080",107,1,6,0,,,,
"2f1a7d2120d64757a214842e7a29b673",107,0,,,,,,
"2f3a098e58ac41a8b58f0fea74822b1d",107,0,,,,,,
"2f4f8d7f02aa464b85274a488b590a20",107,1,12,0,,,,
"2f505303b957477282e31e4c430c7c6d",107,3,75,75,2,37500,6,
"301cecb0538f48619a90a678973d6aa7",107,2,16,0,,,,
"302d669d9ffa453a9fd5be6bb5989925",107,4,24,0,,,,
"3042131caccc4771a12bda52c059e81c",107,1,12,0,,,,
"3081c63384054a30a8a0c91aa76bc95c",107,3,35,15,4,7500,2,
"30c1e400c0c0409ea8d74e2832eeeaf9",107,0,,,,,,
"30c8347ecb774823a55230e9adddb16b",107,1,18,0,,,,
"30d7a950af634d458b44fd5d5eb1e2a9",107,1,13,0,,,,
"310b0b2ff59a41afb52ec2eaf10f1af2",107,0,,,,,,
"3125d7938c8a4df099a04c983c4ea29b",107,0,,,,,,
"31dfcc57039b4ac2a94a8baa379d1386",107,0,,,,,,
"31fa83987d9a417c88f912a27ead6a77",107,3,15,0,,,,
"32210d6225b24aebbbf8f61bf555e553",107,2,17,0,,,,
"323b8b8c7a6d433a99e59d4225b54135",107,0,,,,,,
"32821b223bf54700b647896533ee9104",107,0,,,,,,
"32e6bcbfd8754a888300f4d94e122d08",107,0,,,,,,
"3320ef7c916142e5a2bbdc984aa4cf16",107,1,7,0,,,,
"332c00b7723640bcbd3b0df2af03f4fa",107,1,15,0,,,,
"339af980ba28466788f81b4308328dd0",107,3,20,0,,,,
"33a3fafffb4a474fb4621d9ae24c52b6",107,2,25,0,,,,
"33de788ba20149f1bb6f9c12cebdf074",107,0,,,,,,
"33f56acd52c4423984085f4eb6bf4ad1",107,0,,,,,,
"33fb9c9f14a043efa04e7daa663430a7",107,2,15,0,,,,
"340f7d1cd070433289233c47135b8390",107,0,,,,,,
"348cf466da0f48858cd15d49fb4159e5",107,0,,,,,,
"34a43e3984a24d5dbbc6cad6c04b692a",107,0,,,,,,
"34d21965473246159336463c8a6ed1d9",107,0,,,,,,
"355bd9f88cba4233ba35e4af6cd99085",107,1,10,0,,,,
"357decf44a614ba1a851b036ffc037ab",107,1,4,0,,,,
"35f31e253bb147cba3c1ba28825c2c38",107,0,,,,,,
"361db5497c524c4fab8063f627314604",107,1,6,0,,,,
"3631ba7632f147949d4db44588d39442",107,2,16,0,,,,
"36350959a38d46159a938020fd413b28",107,1,12,0,,,,
"365d8c351f3c45f282562a983ef70d6e",107,3,26,0,,,,
"367c2cf298dd45f9bce503b87ffeca1f",107,1,8,0,,,,
"36908497431a4492a6666712b94073cf",107,0,,,,,,
"36992f498601434baac9c51a693c27d8",107,1,11,0,,,,
"36b1194afa2a46889b315a883249769f",107,1,8,0,,,,
"36e81608b34e4e338d21b0a091c58690",107,0,,,,,,
"372c6c08f26647e4844a6fc84cf19cb7",107,0,,,,,,
"375d654f122349fab11f65375f417a2d",107,2,20,0,,,,
"37c65147f7534277984447a500ea7c3c",107,1,4,0,,,,
"383f1f35d733452680d14c49bd6290d5",107,1,10,0,,,,
"385c5482217b40a199727bec715a9e66",107,1,12,0,,,,
"38c6499533984b3c8669e1caa56d0c3d",107,1,12,0,,,,
"39e4ac0ffa65481e8e24d190c2c92667",107,0,,,,,,
"39fcb45731cc41428ec88383475be20f",107,0,,,,,,
"3b486c0be9c6474c803bbeb58aaa0a14",107,0,,,,,,
"3b58eb644c474aa89c1bcecc8d191a48",107,0,,,,,,
"3b73ebe890704075a97c2d67ff10ff7f",107,3,50,0,,,,
"3bae8a3fde124ab782cb7a39c5bdfee9",107,5,35,0,,,,
"3bfb0921c87c40648bd552e1bdd06838",107,0,,,,,,
"3c2217d5c921417ebc178f71e87a9d62",107,1,11,0,,,,
"3c8a5879dde04f8b924caabc7bb74da0",107,5,18,0,,,,
"3cb79c9b548f4f3e8844442f80ca9139",107,1,10,0,,,,
"3cdd126c65ce4260b97277bad1b01633",107,4,25,0,,,,
"3cf3e5d4c6254c6d98d048ca83d040a6",107,0,,,,,,
"3cf518201590493cb8adb71bb964e726",107,2,20,0,,,,
"3d19a96aeab94d2c8529dd95b412f3d2",107,3,50,0,,,,
"3d2326b02ddd4b41929429061657f4b7",107,1,10,0,,,,
"3d7b3d04a6cd40f7b00e34ef388034eb",107,0,,,,,,
"3da46d5c723b41c4955297d1571c3c9a",107,4,32,0,,,,
"3df762b88c104fceac94e41661800423",107,0,,,,,,
"3e0a5363f85f49cc9414cc3ac3b5ade6",107,2,20,0,,,,
"3e3d33563d904daf905accfd002fc873",107,0,,,,,,
"3e585de4d95e4b06be8f7a11274483c3",107,1,8,0,,,,
"3e7e8b3de8784bb9b765f4c7752b6ded",107,1,10,0,,,,
"3e86873d49c248c386f34f5524541fc4",107,2,32,0,,,,
"3ecc6f91ef294895a806e2ad0ad4a979",107,0,,,,,,
"3ee43e751a664d1abe9b26f5977c9a34",107,0,,,,,,
"3f16925db6ec40a68bc46dbed4690021",107,2,20,0,,,,
"3f36b6cbcf534a88b49d9f3845f65470",107,1,16,0,,,,
"3f3fedf25b3d4a7899d9bffe6fb1f658",107,8,100,0,,,,
"3f6bbcf02a1149a484cc0f0f663c54db",107,3,30,0,,,,
"3fb589b011234546a95fe2566db38f45",107,4,40,0,,,,
"3fe4eda5aca04a948d595361c0295e7c",107,0,,,,,,
"40665c26f6a74711bca1c113a79fabea",107,2,20,0,,,,
"40a59212572e4dbf924c2e6d751031bd",107,0,,,,,,
"40a695dff6b14a9aac1f00d57fdcf00a",103,0,,,,,,
"40a695dff6b14a9aac1f00d57fdcf00a",107,0,,,,,,
"40bd45903364468c931cc28af39f5064",107,1,15,0,,,,
"41161a7161a7457b84a221d17c13782c",107,1,2,0,,,,
"41198746385f4ff59785f94d9a8475d1",107,1,10,10,4,3000,1,
"413d5b0ec93349f8979646314ed8ad97",107,1,9,0,,,,
"4148c3c43e0944e0b8f708379e23070e",107,2,24,0,,,,
"414d6d0e3b5a490589667ffd66ffadbc",107,0,,,,,,
"416dec136ad7406f8c8760d1e9cfef88",107,1,10,0,,,,
"419aeb8cf20b477ab14959fed173ed47",107,4,480,280,5,84000,1,2
"41a071f11f70493d95c79e97cdfedc25",107,2,20,0,,,,
"41a0d7ea37784a2fa40f381785b4df50",107,4,32,0,,,,
"420c5338635b4d769aa8fc629ac0b51d",107,1,6,0,,,,
"4262515bdbe5433c97ca0af8712f6c5a",107,1,12,0,,,,
"4278b9b2a3f54a0ab7d6f0ef477e658b",107,0,,,,,,
"42b460c56a684d62abac827c6bfcee5f",107,2,30,0,,,,
"42d4c1e7b7984e4790ee7ddae6727a71",107,0,,,,,,
"43043f77f99e421aaa48b4bd6b4bb7fb",107,1,8,0,,,,
"4310f37c41cc4282b40ed4de953b8451",107,2,30,20,5,4000,1,
"431957a3478248aeb6c4637eda5a1ad4",107,1,12,0,,,,
"43392820ec5e41a382f503a3e366dacb",107,1,11,0,,,,
"435958379633491091da32dc012eff9c",107,2,20,0,,,,
"43740d64efea4f6f9aae6d98804d35f7",107,0,,,,,,
"43af06e45e854932b354795bd27ced75",107,1,8,0,,,,
"43b0e1943e7a4c18878c5d16734359f2",107,0,,,,,,
"43bac0bfd7ee426194c740ee447ad4d0",107,0,,,,,,
"43f71a4b91ab4dc5867e722610be922f",107,2,30,0,,,,
"4431b77d140142969216b6a63dc40667",107,0,,,,,,
"44b7eb6679d04f2192783b1c29b05033",107,1,12,0,,,,
"44d4e3fbc0df4168a77b3c996ff96cee",107,0,,,,,,
"44d8ad0ee1df435dae55f192a03107eb",107,2,30,0,,,,
"4531bc43d3934446bb799695088ca370",107,2,24,0,,,,
"454d5c38a5cb4edd82cc8ef5f96e8f12",107,10,150,0,,,,
"465331c0853145f9b55e651ed0ffb548",107,1,10,0,,,,
"46836522fff147d2a0b75bc94fec4ea2",107,1,5,0,,,,
"46d2fee36024408e8679826eabd2de51",107,3,30,0,,,,
"46f5567f540b4d349aa817c1659dc158",107,3,30,0,,,,
"472b095567564cfe8cb4d4da6bdc3cdb",107,1,5,0,,,,
"475ef9bd4a8844ccbc220ff21f90aa8d",107,1,14,0,,,,
"478c789c61a541fea1929c2a25ebed31",107,0,,,,,,
"47b6785c87844629b614bf449c244fdf",107,1,2,0,,,,
"47bb76556a8b4a88ae1d0b6d3e1d609e",107,5,25,0,,,,
"481c37f0ecdf4695b5513244789cf32e",107,1,15,0,,,,
"4854e44da3904bb49b6cc77c09357018",107,2,28,0,,,,
"4864b552d6f54bd7957c946a94ea8f4c",107,9,3,0,,,,
"487985446fde4b70ad526bd6a73c9b65",107,4,36,0,,,,
"487fbda86e8e40ca8f2d68ac4bf3f5be",107,5,25,0,,,,
"495f071218774484b56d520ad983b7e8",107,0,,,,,,
"496e720d7b67421b8350646ddf9af9f2",107,2,30,0,,,,
"49992cdfc9374a0f92856a892a32e7ef",107,0,,,,,,
"49a0ea12aca04db3812c4704772e5186",107,1,9,0,,,,
"49aee03e5c2f45e1b99b5fc39d809bf6",107,2,17,0,,,,
"4a1416a4b0874159aff36a5f93191020",107,4,30,0,,,,
"4a8e3be9296a4254b35b14d36c81c065",107,3,30000,0,,,,
"4aa7e3e3aa76461eb2006f013c593752",107,0,,,,,,
"4ae5806130cc4430bcbb1432f94d183c",107,4,40,0,,,,
"4aff9ba979d844f298d8883e424e68d8",107,0,,,,,,
"4b285f0f20c646dea7e3dd2da5a0cc5c",107,2,20,0,,,,
"4b389f7ef0e44209955498547358d823",107,0,,,,,,
"4b451405a99342a5a1343b0154c8c557",107,0,,,,,,
"4b7b477a6d214019ab531b245c5c6474",107,2,19,0,,,,
"4b8d2fc438d344cf9d22130086979cf4",107,0,,,,,,
"4bba574bbf8f46ccbc10019d13da3841",107,2,10,0,,,,
"4c1e2d5397df4f3d8be86f71385dd9b5",107,3,18,0,,,,
"4c2b6ab893a74753b5aed1853e854af6",107,0,,,,,,
"4c651601455d47ebb4b2d6cda3aeb796",107,1,2,0,,,,
"4c930656ec914ea9b7b0a7d3f618ffb4",107,1,5,0,,,,
"4c94e59d3e064e91abf311c347c25270",107,1,13,0,,,,
"4caade3e60ef449893243513847812a0",107,3,15,0,,,,
"4cdfca9cc91f4424a80d361df06952e7",107,2,24,0,,,,
"4d06bd2529aa4381816fb485f8dac688",107,3,15,0,,,,
"4d58adc564a84c70adbd694836fcbdd6",107,1,9,0,,,,
"4d653bb8ed4c40c6a5db54dcfdd0ebcb",107,0,,,,,,
"4d77a6468adb430faa1279387ee1a0d8",107,1,10,0,,,,
"4d831e3912f4492d9726551c75523d5e",107,0,,,,,,
"4dc2ee3adf1245ff8f4e225adb0f4cbc",107,1,12,0,,,,
"4dca9fca223242148ba754990e922fd0",107,1,8,0,,,,
"4dce18d3d0104e02a6e7cf02881f317c",107,0,,,,,,
"4dfc5e6dea2943d39a54ec4f5c22e1e0",107,1,12,0,,,,
"4ec2b0b632f54d069bc6da7b7ed1e91d",107,3,22,0,,,,
"4f079774a5ee485588ae4cfff939b089",107,0,,,,,,
"4f1061a0b3ca439abc538fde335b4ba9",107,0,,,,,,
"4f4a1fbe2ba741a88426a21e99551e35",107,4,33,0,,,,
"4faea088444d454e8a3f7e7887be6b89",107,2,12,0,,,,
"4fcac595a4bf40d69cba13807e4dfe71",107,0,,,,,,
"5080bcd282ac4ec889af3bf823de55b6",107,1,12,0,,,,
"5083de06b7284974819a0edafe4f2c9d",107,1,13,0,,,,
"50af7990fb164f51bb03105db8e410cf",107,1,11,0,,,,
"50b14fc9fac141cea423200916456292",107,1,12,0,,,,
"50e0bd6fa19a4d4f8c96669910359c91",107,0,,,,,,
"510913bc5f8b459d8e798d7f01ded394",107,1,9,0,,,,
"510d48e5c8f845c6ae72abab30bd50a1",107,0,,,,,,
"511a2974a3ce48ff88c08b1b3dd7c2da",107,0,,,,,,
"5120b1ab49fe44cab5b197e3615a670f",107,0,,,,,,
"515101ffb1f5495eba8eacd974f4f63a",107,1,15,0,,,,
"5194755e4fc140498ff85f1759ca8895",103,1,5,0,,,,
"51c657fb541547739f4247c1aaf157c5",107,2,18,0,,,,
"51f6b6d5efc3486fb2d24b96b9e2e55f",107,0,,,,,,
"5274f9bea0984985b3e8f56b6bd1b8b9",107,0,,,,,,
"52bd215abb644575896b9092ec4486e8",107,0,,,,,,
"52cbe6a1b6b8481cabe9c7d5fe14f626",107,2,10,0,,,,
"5350bcf3dc074d5fba68113e0ed56efe",107,0,,,,,,
"536a86389bc44ea4b9d6e7184726c1c8",107,0,,,,,,
"53b1a669bae44dfb90538bebac5ea03b",107,1,10,0,,,,
"545e128f868a48fb90e83536e307e822",107,2,14,0,,,,
"549db14fab984d75bb4096ff0d918c37",107,1,15,0,,,,
"54be45fa86f24a8f9ecb581f78f992b8",107,2,15,0,,,,
"54f72efdcb124addbf1a5ddc89f27920",107,1,13,0,,,,
"54ff8f8e953342da96062ae5d6c862de",107,2,9,0,,,,
"55184d4e2cef4b68b0814974b9b43785",107,0,,,,,,
"5531b1d7466248e688ff0e6f58332ec7",107,2,18,0,,,,
"553887c6c4b3465d9ea013cd04d7b350",107,0,,,,,,
"555ccfcf9a0944c0866a2edf5a6903e0",107,2,12,0,,,,
"55cb0ac9e985428394d3f0085cd05ffe",107,0,,,,,,
"55e256a234e141cea64051f860072767",107,2,25,0,,,,
"567065d1813e402aae322ad0a6096c6a",107,1,8,0,,,,
"56bb6433aa6f4ca9af100b667c2f137e",107,0,,,,,,
"56ce385d39df4a0590ca4243ad2fcc2b",107,0,,,,,,
"5705343aebc543d39182458fd3719c49",107,0,,,,,,
"5721ad458afe436a97e71438fe24fe1c",107,0,,,,,,
"57339e98c7394235b066f68926d99bb5",107,2,26,0,,,,
"57385c0cf5dd49b489f99849e31374b8",107,1,10,0,,,,
"5762fab09a1d43b2a711579301acc88c",107,1,14,0,,,,
"5787bf9167b9429081326efeefd2634e",107,2,14,0,,,,
"57ad19c7b77b4c01816ae792f50a11b1",107,5,50,30,5,12000,1,2
"57bffaba1b7e46f58b60fa9c0948e0fb",107,2,24,0,,,,
"57dc4b8d45af456f93137c78f770b884",107,0,,,,,,
"5824cf99fa5a4d309164f552396aba5a",107,2,45,24,2,12000,1,
"58cd527a930742bb86440a5b61fa2cba",107,2,15,0,,,,
"58f54c0441534f3f9b38c89127f90c6e",107,0,,,,,,
"592cbce7d1cb40159b9c5a008c3230e3",107,2,20,0,,,,
"592e3150e433437594322098f18b75d5",107,0,,,,,,
"592f510ca124499cb5ffffdb0c4c8396",107,2,13,0,,,,
"5938e3309fca4f80a49835bc91051f60",107,2,20,0,,,,
"59753499ae3d4a3c9a41c6923c8e2bb6",107,0,,,,,,
"59b3f2f04b98457cb94292769d6e99f2",107,0,,,,,,
"5a0d083d6d4f4c929d7c8b0d68cb1923",107,0,,,,,,
"5a5c898bf25745f9bcf8c21878a8bcdc",107,1,8,0,,,,
"5acd41fba38247abac123ad3ea315b8a",107,1,4,0,,,,
"5acddcc85f0d4821b109ca4656c015ea",107,10,3,0,,,,
"5b0fb03d51ff459b89d840951df391ed",107,1,15,0,,,,
"5b553e215d07481fa6521907cd3d58c8",107,1,15,0,,,,
"5b8c0268f0024da88e6f3d6a7106fd7f",107,3,28,0,,,,
"5bb863ad2a1243cc9218594974735314",107,1,8,0,,,,
"5be44492d0834f42a695c2768ac5ecd9",107,0,,,,,,
"5bf770e6767c469994f320841a274e58",107,0,,,,,,
"5c333cb083754522a3e70281a7e234b0",107,2,30,0,,,,
"5c49d46d90a9479a8bc0509cd57cb5d9",107,0,,,,,,
"5c6fad0bb1bf48eba5ae64e0f744b2ff",107,4,37,0,,,,
"5d85ab9e38614958a4bea69e3d9f37d3",107,3,27,0,,,,
"5de8b32ba84640c0afc629424a1284d7",107,2,22,0,,,,
"5df60b4c679840e7b7afd202da9d5abe",107,2,16,0,,,,
"5e377c5d87ff442f912bb9f9e1c6a850",107,2,23,0,,,,
"5e4201154be84e5f8e1db067382c3f9a",107,1,8,0,,,,
"5e550f3224b14a169a53aa670490e07d",107,1,9,0,,,,
"5e818374e9e4488eb630f8ce5d79f078",107,2,27,0,,,,
"5e8f1025454b462fb3cc2252d243e5c2",107,1,6,0,,,,
"5e9b65cb627c420eaf4fd79f57eef14d",107,0,,,,,,
"5f05bb371069490688ff1ad4a7940146",107,1,8,0,,,,
"5f0f3440dce64304adae6320591f97b2",107,0,,,,,,
"5f18649c360345fd83b757426fa37c9f",107,0,,,,,,
"5fc3f95ea2984675a6efec3ec6895d75",107,0,,,,,,
"5fc545f8e5084965b9cbe407a2600ee4",107,3,41,0,,,,
"5fd82aee8bc44937937e1d3bb92f2402",107,0,,,,,,
"602143aebcd74b7eb48f9056e228dd36",107,0,,,,,,
"602895c09f314481abbc338227d3bf5f",107,0,,,,,,
"608928f2ffd348edade81a02091176be",107,0,,,,,,
"608ad4e7363d4c9a98d7e384b93f28a6",107,4,16,0,,,,
"608dd2f241e94df6ad75d3d2dfd1b38c",107,0,,,,,,
"61051cb9f67c4f9e9669a4aed1fa9c2a",107,2,18,0,,,,
"611d28e0e8354eb2badd6faa64c6b162",107,1,10,0,,,,
"6162dd2c6dc74e88b1aba898017daca0",107,0,,,,,,
"6162dd2c6dc74e88b1aba898017daca0",103,0,,,,,,
"6187ae6cb3654b16922522db328cb2f8",107,4,48,0,,,,
"620f96a3fbb848b19b0cc64eff9555da",107,0,,,,,,
"621a09ec49f2455eb5f18f32fa169e71",107,5,30,0,,,,
"622adfbe9fea42cf8fe649eff187b703",107,2,22,0,,,,
"62b3ed471e064d868c80041541667541",107,4,90,60,2,30000,1,2
"62c05af903a244399a7eb6b19577120e",107,1,10,0,,,,
"62c9c056aa8541a29dee118a5da4a55b",107,2,15,0,,,,
"6303acb4d92a4795b7ade2372f47f566",107,1,8,0,,,,
"63185311cd1440bc95f7107de221dd4e",107,4,20,0,,,,
"634a3d6c035c428cb59c559d0d4f1a91",107,2,20,0,,,,
"635bb27ada6140a3bc43667c791e65be",107,0,,,,,,
"635fd850cb0f4ace96bcca48642051ce",107,3,22,0,,,,
"6399e7c057854e92925848cb739e80e0",107,3,30,0,,,,
"639df7ca3e4d421182ad76d2fa42deb2",107,4,22,0,,,,
"63b0a75a1a794a13ab19bc4fec77d65f",107,0,,,,,,
"63beda83e4004002b1276c1c43f9ab75",107,2,19,0,,,,
"63ca9150586c41c5ae9c27f76edf38f3",107,2,16,0,,,,
"63da3db84d90445bb87ab1627fee7b3d",107,1,9,0,,,,
"6404252c51564436a042729153322d07",107,1,12,0,,,,
"64bf0240455e4312805c7f81ccb4e9f4",107,5,80,0,,,,
"64d0335099aa42d3ababcf4388aa7898",107,2,2,0,,,,
"6509c7b1d78742458078ed2b20f007ef",107,1,5,0,,,,
"658d1dae722246879b876bbd32bddf37",107,3,30,0,,,,
"65deaa19d2694ea4bc751f9ed444c2b6",107,2,20,0,,,,
"66791e53847547b8be21995e63de09b5",107,1,16,0,,,,
"67a2258d286147569f311ea185d309bb",107,2,16,0,,,,
"67a814c6e3414b42a0c734cff8aa986f",107,0,,,,,,
"67b28ff134494d60b276d58a20d0e582",107,1,12,0,,,,
"67f2df2242fc4a6b9db7aa9955bd2950",107,1,12,0,,,,
"68783302c85f40daba8f4f3c72f9e103",107,0,,,,,,
"688da235db6e488dbd06928c99469fc2",107,0,,,,,,
"68b72aba7a5e4c678fa062f78ace3f55",107,1,10,0,,,,
"68f60d1f894d471496e6a6be9d7baff5",107,3,19,0,,,,
"694d8f1dc18e4712817b9b2e64a7177b",107,1,10,0,,,,
"69cba3c8d881462d98673ee8ea6f89dd",107,2,24,0,,,,
"69ecf315d5b344818bce11d31aee850b",107,2,28,0,,,,
"6a059d75db964ac6a7860e236f1d62e2",107,0,,,,,,
"6a0ad261d8734847a093951f6df92289",107,1,10,0,,,,
"6a0ffb46c7594e8f867113b86b225de7",107,1,8,0,,,,
"6a3899b9c0624a688b55f57a70e98844",107,4,52,0,,,,
"6a612ce1d9a8472bb5e94c7768b8e986",107,2,30,0,,,,
"6a6d97445bbe4a4380268d4104258eb4",107,4,28,0,,,,
"6ae207f3fee341209153c784bc507ce4",107,3,16,0,,,,
"6b1e70638ebc4a37abdf470dd295b300",107,5,70,0,,,,
"6b1ee73fb3f446f4844adf2a83da2457",107,0,,,,,,
"6bed6054bbf444c19f6d8847b96a86ae",107,0,,,,,,
"6c052ef230324507b256cf90b9c8df6d",107,0,,,,,,
"6c1f2caefb0d47e4988d128f4471b541",107,12,6,0,,,,
"6cbdf5a1dabb4bf99cc7b36ab383e9be",107,1,10,0,,,,
"6cc6cae1e8f840878871e706eaf75e9f",107,2,10,0,,,,
"6d3991817c2c4227b53365b1eddbc824",107,3,21,0,,,,
"6d47738e82664d03ae4d14c89e1ee385",107,0,,,,,,
"6d58ddebd3ac4a85b8046454b0fc29e7",107,1,8,0,,,,
"6d853370fff74dbc91175b847bcb414d",107,3,15,6,5,1800,2,
"6d8be79bfedb4cc68d13c15449c6e8f9",107,0,,,,,,
"6dbeae4094684b9cabd431225d411c25",107,1,6,0,,,,
"6de89f55552546ff83d6c15fc5d03e3e",107,1,3,0,,,,
"6df7df34aecd474aa1dcad1f4347b1e5",107,0,,,,,,
"6e09cafe878a4686b5af59056e145fd5",107,4,28,0,,,,
"6e70903b953f4f48bca3ffa96ebc184d",107,0,,,,,,
"6eba1b7aa12b4e41b6f67d0065fe3843",107,1,9,0,,,,
"6efbceec143044cd8542a0eedafa82fb",107,0,,,,,,
"6f3eb330bca44c80b0a4d4374b5ddfd7",107,1,10,0,,,,
"6f473f0856f04d5f97b73a07fc92ed3a",107,1,16,0,,,,
"6f4cbca19664408eaea6f2da41aef981",107,3,15,0,,,,
"6f62873ad2c04825ade10e0f21852cc7",107,0,,,,,,
"6f741a82d8eb467a81a053a28f77fb29",107,2,20,0,,,,
"6f969d5f76874fa18b9fc77d1a1164a4",107,1,6,0,,,,
"6fbff33993b74df7bf67b3b1723a4623",107,0,,,,,,
"6fcada408b6d4416bface5d5b2171df9",107,5,90,0,,,,
"6fe11485791e43a585c0c9ad7e1c2850",107,0,,,,,,
"6ff355f305d94bbfb057c413c15b95b3",107,0,,,,,,
"6ffc6c9de58346cabd5f17735dfc155a",107,0,,,,,,
"6ffeea870e95443698777385119094a6",107,1,6,0,,,,
"70382a948acc4827a776ad19228c1210",107,3,30,0,,,,
"7075c6eb34f84d9e990b24018db1f6a8",107,2,18,0,,,,
"70b60b0e8e8c437dba5ccfac3fcbd53d",107,1,10,0,,,,
"70e72b90340941679bd789a808b7deff",107,2,24,0,,,,
"70f668b607b7446795d84da9d8165d78",107,0,,,,,,
"71406ef141ba4c8b8849e124aa7e740f",107,2,45,0,,,,
"71460246b2ce4e3480b9cacb147d6f12",107,5,42,20,5,6000,2,
"718160b39b814f4bb87ce30e9cb4c879",107,0,,,,,,
"722465d40f8c49de978abbfbf4fe14e4",107,1,12,0,,,,
"724cf4fdb5fb4ba1a1c9a198a635852b",107,1,17,0,,,,
"72ac252901f046c89580a95395b72a35",107,0,,,,,,
"72febb41ac1c4f2a9fa2be189e0e7f76",107,0,,,,,,
"7318634693994a539d10cadecdb1b8f3",107,1,10,0,,,,
"7386def11c4047cdba7a05b145d25d68",107,1,8,0,,,,
"73a6fb0e66ed4b71a8bd87436b798fdd",107,2,30,0,,,,
"73d2f1c17159428592cfd1994b4926ed",107,0,,,,,,
"73e3f311ad944cd9bb1dec551f54ced2",107,1,11,0,,,,
"73e7ca1370724d058c8036506819f878",107,0,,,,,,
"744552814b1949e291950a94e3143dee",107,0,,,,,,
"74489d18eec84eea9fc86080de171427",107,2,20,0,,,,
"7468bbb3abdc4e58812aef391613fa03",107,4,22,0,,,,
"74e97ee0b77b41ce9c9b4e708de2a641",107,1,8,0,,,,
"75033d7d0d79423bb89467e19ea6a237",107,0,,,,,,
"752448ccdfbb4dfd8d701b1b60cf3483",107,1,12,0,,,,
"753053a01925458e8eb49dd4edaf6c4b",107,3,34,0,,,,
"7592026ffe844e3999c954ed007c7d8a",107,2,21,0,,,,
"75b9e7e0c25240318625fec03b70a708",107,5,30,0,,,,
"75c3f3a52fde4be2866d859c62ec54d2",107,1,12,0,,,,
"75fb68d00a7f41b0a3e119d3fc4d3554",107,0,,,,,,
"76508c126511434a877ce34610263b8d",107,2,14,0,,,,
"766019a832be4f73a9b388cf05824c3a",107,1,16,0,,,,
"766c063b35714adf90ddcaff724076df",107,1,3,0,,,,
"767f08f5e6004182b5fb28bdd5139634",107,2,26,0,,,,
"76a33d413aeb4c2aaa7e86a7f0a462ad",107,1,15,0,,,,
"76b0d375c2e543288ed2a5e1ed7a253c",107,0,,,,,,
"76be32db5bff4aa991b5ac2215baf25a",107,2,30,0,,,,
"76c29aa6ee8a4a5f85e336631e7f495b",107,2,12,0,,,,
"76d7bfad835e4c52a679fcc4ededbcb4",107,0,,,,,,
"770283c689654ff2805f7dc1fbdf2c8c",107,2,16,0,,,,
"7711396f0a3445d6a83d171b4bf8a221",107,2,16,0,,,,
"774c42b31c08465c829f72463fa14e36",107,0,,,,,,
"774f350dcee9480a99a6c22932c08347",107,15,10,0,,,,
"7777c12b215d4e2fb5681c24ce97b308",107,1,12,0,,,,
"7827dd0eb8c345bc83a8fec062d00299",107,1,10,0,,,,
"78549ab05cff432b83057924e11b8cd1",107,0,,,,,,
"78bc744caf2348dab9438b780a3eb70b",107,2,28,0,,,,
"78cf5d9e9ffb4180a1a26b3a5dfdfa19",103,0,,,,,,
"79246f20eab24d72a7e15e5bfec5937f",107,2,15,0,,,,
"79369779170e41cd81bb3ab586da4f21",107,1,10,0,,,,
"794c4677f01c4048a054c4ecd71e5380",107,4,45,0,,,,
"795a801af8a5402c94d8af2db666021b",107,2,20,0,,,,
"7985850af6c64e2e875950e01d41c347",107,4,18,0,,,,
"7992593d72c642f88c0d372fb679fbd6",107,0,,,,,,
"79d0b34990d14cbf8cfc1e93305fc486",107,0,,,,,,
"79ea471afbca44e9a3c345c3370eac87",107,4,24,0,,,,
"7a4deb50ba984babad943340fe7fe253",107,2,13,0,,,,
"7a6f3cbe080140ff80d11a238bf5a8ab",107,1,14,0,,,,
"7a7d6203c7b7493baf940a0071052f22",107,3,36,0,,,,
"7a8c6c546f6b4ac4addf2d96201b4466",107,0,,,,,,
"7abe5d30e6a8498d8aa3cc57d71486d4",107,2,24,0,,,,
"7ad6d7c40e5e4b998a69c9d78be22987",107,0,,,,,,
"7b2326640be14bcd9acf4e0dfc2866b5",107,3,40,0,,,,
"7b29316153d64631b5695be747edbda6",107,0,,,,,,
"7b6b56a02049487d8eaf24fd9392a0d2",107,4,38,0,,,,
"7bbb94753b1044a1998b35c4ec0b29c5",107,6,36,0,,,,
"7c9c792164324355bc54668032488e66",107,4,32,0,,,,
"7ca617a1e1204310b23a1c4707adf3f8",107,0,,,,,,
"7ce2c657a5f8477bacc9767d3c37d996",107,0,,,,,,
"7cf749ee04a24567b3756af1452f44b4",107,0,,,,,,
"7d41679b9a7e47f2a724889bef4d175f",107,1,15,0,,,,
"7d9e7ac7f1d548839ce94ed872afa095",107,0,,,,,,
"7dce8526566e4202bce36ec12ced41f1",107,4,12,0,,,,
"7deebc51089746ed99e16cf3ddc433ad",107,2,20,20,2,10000,1,2
"7e4528b57a214c61bd02ec1894d08bbe",107,0,,,,,,
"7ed5a174d4464ea7b679184bdd816f17",107,1,10,0,,,,
"7f18080980ae4069a9c1dd53aa99d928",107,2,12,0,,,,
"7f6cd6fd8cc24f038446e20e163e6276",107,4,48,0,,,,
"7f86a2edc5d649d78edb9106de25a7c4",107,2,40,0,,,,
"7fb6d302e9724029be9d38af7fa4580b",107,17,17,0,,,,
"7ff0a48d3d1e4ec2a5f27d437483da61",107,1,30,0,,,,
"7ffd0f7a4352484f8a54a1c83dab22e1",107,1,9,0,,,,
"80165b71b52d4451866e493156a95c54",107,3,23,0,,,,
"803d97f117e04a4b8c9c38f2e87bf41f",107,0,,,,,,
"8042e10a7e3f4b5388e40f875e9b129b",107,3,17,0,,,,
"80685e65116449b2bdbd5a716add2883",107,3,15,0,,,,
"806e1e5f6524406690e67a1465f51506",107,2,18,0,,,,
"8080069d9329459db88d6f8f455a4692",107,1,4,0,,,,
"8086d94e4b0e47dbab65e9ef255366d9",107,0,,,,,,
"80ad9da8adb04130b3c68966c4d4470d",107,4,23,0,,,,
"80ea906e31b54324add561338e3a116d",107,1,8,0,,,,
"8102b3a5a3a1412a91285e777a66ca2b",107,1,12,0,,,,
"812c576801b446d1af8be75f30d760c0",107,0,,,,,,
"815c7c9d48d5434b8fcd446ddb38fb9a",107,0,,,,,,
"820e7fa8a4584720b8c5654cf0472d66",107,2,30,0,,,,
"821fa1846c4b4362895410bbe5bd9e87",107,1,15,0,,,,
"822469b8457b461fbc475bf76d854631",107,0,,,,,,
"822fda27a3ed40e1ba66c6afc963b68f",107,0,,,,,,
"82361c9a81b141cfb5a66abc05e51d59",107,2,17,0,,,,
"8246e0d5706b4027b9c79d7c9b41ab76",107,0,,,,,,
"82493142e03543d0ad5407568d040af2",107,1,6,6,5,3000,1,
"826daf363c504002a2ebdf09954e1772",107,2,16,0,,,,
"828ce0b67c13444d8d0c42bbd71c74cd",107,0,,,,,,
"82d8faa62d3b44ffb93c714c713651a3",107,1,12,0,,,,
"8352dd9759224fd3a2a8854fe4f0f20b",107,1,14,0,,,,
"83654067698848d3812bc79c4e1baace",107,3,29,0,,,,
"8395061c8526434ca0a44b5651bdb5e0",107,0,,,,,,
"8395188b792442009a34da609a07fcdf",107,0,,,,,,
"83b290b6305c412a95060e213473dbcd",107,0,,,,,,
"83f12b630c0f476397672201b158fe17",107,0,,,,,,
"845ad8e0ee954dd2a942ee543fe364ab",107,0,,,,,,
"84b9c4e3761d4a6d9e4408ac725672ac",107,1,5,0,,,,
"84d4073a191540b8a7f3a9a445d6a6ba",107,1,12,0,,,,
"859e020c45b342a5981fa28fbe854679",107,0,,,,,,
"85cc6c4eefbe4150a249c9181ffc1ec4",107,1,10,0,,,,
"86101dafa2ec408d8b695ac8989f8b80",107,0,,,,,,
"8617f4276d6d483394269baea1f7c05e",107,2,6,0,,,,
"86295aeb7af04140bc701ebc4d3d116c",107,0,,,,,,
"862ad4472f4142edbed2819baf8bf9b8",107,2,10,0,,,,
"86809d76f6f14edcaf1f49c8cf43d60c",107,2,20,0,,,,
"86a7071b47c14c8bbc22ce3de53f7042",107,3,33,0,,,,
"86dd03cd969348dea0666ff862690fc9",107,0,,,,,,
"86f6c965eb1f4e85a3e972799deb779b",107,1,5,0,,,,
"87a8a334a93d4d979b4f0a89bb641f57",107,1,5,0,,,,
"88440a34b56e45169a03c446abecfa52",107,2,20,0,,,,
"889ee98f22ed48fb8e57c91b84477fa2",107,1,8,0,,,,
"88ca05130f6b429db4f3807b50dadee1",107,0,,,,,,
"89078df8658144b2a56e3349c60e04bf",107,0,,,,,,
"89342a57ba6a47b189dae265acb342f5",107,2,14,0,,,,
"893cf68cf1dd4948a0201212c5026a95",107,1,30,0,,,,
"8956185e1f994c14aaf73ae617430727",107,0,,,,,,
"899f8a2cd117463a921b6083117c5e35",107,2,20,0,,,,
"8a40dd76b0084606b063c880ca2ab855",107,0,,,,,,
"8a5d66f841064b23ada0de5fed353c11",107,0,,,,,,
"8a5ea620d83e42068ba2bf3ef59e5aec",107,1,12,0,,,,
"8a66fbea49ae49d78157b208859380d6",107,2,8,0,,,,
"8b962cc0c5994ad1a9115a09556e34cb",107,1,15,0,,,,
"8ba30b564d1a40bc867dad9460534b26",107,0,,,,,,
"8c4443ba9ef54eb68baf73e3d7b89ee0",107,0,,,,,,
"8c526c6e402642369bab5875f6c6753a",107,3,30,0,,,,
"8cb6627e27314a468e4842fa71d68218",107,1,16,0,,,,
"8d117b5cb54b48b99f5fffc9c1da4520",107,0,,,,,,
"8d168c1f2a3a4c1183477daa968d7cda",107,4,51,0,,,,
"8db9be87004b417e9b2853c047848ded",107,1,10,0,,,,
"8ddc3a927db74c39bdd89a07013d8bc9",107,0,,,,,,
"8e1a4eaba5964506ac960adce546137d",107,0,,,,,,
"8e4d650733684da3b8b7cd226ee93841",107,0,,,,,,
"8e8aef3c76334f6d861b225e23cab540",107,1,12,0,,,,
"8ef9eac0332a4a05936cea16c259429a",107,1,8,0,,,,
"8f28de7582444c4a9cdfd6c2dcbaf58b",107,0,,,,,,
"8f6187e86f2f4210bac43f688feb7ccb",107,0,,,,,,
"8f78f136f4ee4a3d8ff64a418fd86357",107,2,15,0,,,,
"8f8c64fa798c4e5e8490b8cca7bbd057",107,0,,,,,,
"8fe19cf1a1b9486d91295f6439d1f778",103,0,,,,,,
"8fe19cf1a1b9486d91295f6439d1f778",107,5,50,0,,,,
"90637ec2585b4fd78392b04e1d30947e",107,8,5,0,,,,
"908dd494e84b4c94b3ed8e96ccd543c5",107,1,9,0,,,,
"90a14f8125044834aa6bad070999e7f0",107,0,,,,,,
"90b431b15e394501830e496a6936cb0d",107,1,12,0,,,,
"90ed3532efb0474b9df999ce192aafb7",107,0,,,,,,
"91015628f3444ab18088d1b66a8d5f6d",107,0,,,,,,
"910361499341480fbd14d9830504e472",107,0,,,,,,
"91450e2292dc4a4c85423c6d96788120",107,2,8,0,,,,
"917bd1ae541840d5938bfc743f6cf592",107,12,2,0,,,,
"91977dd048b34793bdf31105e251b0af",107,1,8,0,,,,
"91cd1e9a1838444da20822cc50da7ff7",107,3,36,20,5,10000,1,
"91e639b11610463fba9ff19245108149",107,0,,,,,,
"91efc699bca84524bc971ba6a3dc3e87",107,2,18,0,,,,
"925e2bb2e7da44f6ae83c1a83b896a54",107,1,10,0,,,,
"926d44a6d212443b8abc252fbd067da0",107,0,,,,,,
"929d02626fc0431fbe0633ef46d8af3b",107,1,13,0,,,,
"92b1721f936443779c944709e967606d",107,3,20,0,,,,
"931c48581659420bafaa0a8102dd9b7f",107,0,,,,,,
"932e33f2faba4e9aae7ce8070d59934a",107,2,25,0,,,,
"9361da1415864176a9af68cc25520bdf",107,0,,,,,,
"94251fb5c28a4aa68f82cabd8371027b",107,0,,,,,,
"945540415d914164bf9aac642e474d26",107,1,4,0,,,,
"9458ae7cd7f0467192a679441234dcca",107,1,12,0,,,,
"9497ebc9faaf444cba61dfe1ed2b9f2a",107,1,12,0,,,,
"95177689d72c427d97dc7931ab8ace5c",107,1,14,0,,,,
"951c7e98a6324280b5c549232a380204",107,0,,,,,,
"9553f4ffc1284fb69a26a5b095ad3313",107,0,,,,,,
"956c950737734d4ab6f71a87d3923c10",107,,,,,,,
"95c41cb2a4b54404b51c9a798ebde4f0",107,2,24,0,,,,
"966eed8e8321484895ce62d41d233252",107,3,20,0,,,,
"96af5e31bdc54115bd9297202eadbd6e",107,3,22,0,,,,
"975ff8e2759b46d785b9e867ee066672",107,0,,,,,,
"97a9f78d75774aa094c05dfe1bff19cd",107,3,45,0,,,,
"97cbf60019ff44cab7b74a80214f892b",107,0,,,,,,
"97d420c3c8874500ac7a1366f8a4c11e",107,2,23,0,,,,
"98e1379ae63c4ab4aa9d59c44b66d4ca",107,2,18,0,,,,
"98e418f037464d3291bf751f1067d916",107,2,30,20,2,10000,2,
"98fd4943cbaf4f7bbe28148346d42776",107,0,,,,,,
"9918bbbc0bc7474b9a02439bc63ac468",107,4,43,0,,,,
"9922746e4091445d9783dd5fc99a3adc",107,2,17,0,,,,
"993c13190d2c48f99fb34a9e36e0dcd4",107,0,,,,,,
"994768192e0a4657864c55efe8317405",107,2,20,0,,,,
"99bb9b56b38542319ccc1198ffc05b69",107,0,,,,,,
"99c4cf72245e40e494c4187edb44e664",107,4,40,0,,,,
"99ca1beb48114a99949a73c6d8fc7432",107,0,,,,,,
"9a147b24ae894891a325dfa219530880",107,2,13,0,,,,
"9a69bb01aec54a0e85841539501a3ad0",107,0,,,,,,
"9b02eb4b0fd64853af791dec2b9bc539",107,1,3,0,,,,
"9b2ee4a1c47f42b3b3f84e2adb626c7d",107,3,21,0,,,,
"9be879f175da4225806fd3c44667aac3",107,2,17,0,,,,
"9c2388cce582456c8880ed97716d9b4e",107,2,17,0,,,,
"9c404252ae6644f381425f4d556632ba",107,0,,,,,,
"9c4b2b70e3944e408f72094f249cb5a8",107,3,38,0,,,,
"9c6f798b6064405691e41dce5791aaa1",107,2,30,0,,,,
"9c836313ac414ff3942db65defab726f",107,3,24,0,,,,
"9c92c41e2886404084d6eaae15bfa141",107,20,200,50,5,15000,,
"9cce9051cded44efa35fb13624ada0ea",107,1,6,0,,,,
"9ce14d1635fd4fe78ab5a5cccfbcddfc",107,0,,,,,,
"9cf4084fbcd44026b3e39be93b069b0a",107,1,16,0,,,,
"9da3836174fb48d1bc2c6a5643c1c7d4",107,2,15,0,,,,
"9dd0ecce1e484e9b82267c6a530782b9",107,1,7,0,,,,
"9dd8f3958c3342f58d5e2be07c843c70",107,2,16,0,,,,
"9e5b1526f35f46eab13af6bf34d2f7f8",107,0,,,,,,
"9e960379cd1d4a61b8caf792d5b610cd",107,1,9,0,,,,
"9eb87a01395b45ac9a4854b346d2fd02",107,1,8,0,,,,
"9ed7a2676781477b94f81f605ddf1b91",107,2,30,0,,,,
"9f2b19d489c64381aaddfb4cce02568d",107,6,70,0,,,,
"9f2b5369bc5e4a8f941af972f91ea329",103,0,,,,,,
"9f2b5369bc5e4a8f941af972f91ea329",107,0,,,,,,
"9f414e2c5d0e41c290bdfd85a29bfd6f",107,5,32,0,,,,
"9f5ad7852a0a42169e52d6b64dde7e4e",107,0,,,,,,
"9f6e5cc31cff4887aab71e590f1b042a",107,0,,,,,,
"9f838ebb94fd4325b29a9c0af5d4dfed",107,2,40,0,,,,
"9f8f454ed1364911ab89b8c4f16237ab",107,0,,,,,,
"9fab9456d6564f0199e9d3bddef4d6da",107,0,,,,,,
"9fe30174b19447308593d82df6e56e21",107,2,18000,0,,,,
"9fe8b4b2662f40bd9c37442c19160aba",107,1,10,0,,,,
"a03671a2c2ff401f94830d5548a804f9",107,3,36,0,,,,
"a08468e3285942ccabfcc602d47ffe2d",107,0,,,,,,
"a10070397462429aa7bba3447710a8be",107,1,8,0,,,,
"a10b883d774b4ad5973e34bed51f0de9",107,1,6,0,,,,
"a1628b77ba6e44afa92db1f0b985d6b1",107,2,17,0,,,,
"a1c428fcc6c84be48150936eac2fa9b1",107,0,,,,,,
"a1cef5f8f14b49a7b7d9ff348c483481",107,0,,,,,,
"a1f4bdfc16314591ae07c3e1aa6c20bf",107,0,,,,,,
"a20abcc5141a4324bdfd913442ba7c74",107,3,12,0,,,,
"a2537eed6b3a45bda7cef1e83993d7cf",107,2,50,0,,,,
"a2d8600a7bbf44c9b630a2d8c4b465f2",107,1,10,0,,,,
"a333dbaff12d49f1923968e6efc23d24",107,0,,,,,,
"a3854296881447e3b50417cdd8e3e4b9",107,1,8,0,,,,
"a3f06a0a2fca4ffc9bc3458f3f57f38d",107,1,6,0,,,,
"a40f971414b64ea88a3625232d1991c5",107,1,5,0,,,,
"a45e2caa22b64dcd8c217a0b58482ede",107,0,,,,,,
"a47c8925889a4d4db71a72544a72725e",107,0,,,,,,
"a54fdf215157451c88ae09ffec1a26f5",107,4,60,0,,,,
"a5712e96e4db498384f3d7469078d847",107,0,,,,,,
"a5f68ddc07ac47298d03718f5af2bdaa",107,2,12,0,,,,
"a5f9c696260d498d97d20ea3fb91889d",107,4,34,0,,,,
"a63eb513466a4890a63ef1ecd2c83a84",107,2,30,5,2,1500,2,
"a69436528a1142ab8ed8ac9db30e498c",107,3,40,0,,,,
"a6a4bc9460134b4bb4187f88c591fb06",107,4,48,0,,,,
"a707bcb84ef641a98fc303e1ec5c6472",107,1,14,0,,,,
"a70bc5a3415c4931a7838a03ed27fcf1",107,2,12,0,,,,
"a71666bb30484bc1911e0dc85a42ea48",107,2,23,0,,,,
"a73ed07efcc0466d9f70bebc82a1c3e0",107,0,,,,,,
"a74eca7ac668455b8973706d7727c292",107,0,,,,,,
"a75a0f25487947518decdc92c75b0daa",107,1,18,0,,,,
"a77f47876cb64317971cebc12353aa9b",107,2,10,0,,,,
"a7813791ed3e4fc88d7aaf44b987abe3",107,0,,,,,,
"a78868abf3bc42d489361eee2c728d5f",107,1,8,0,,,,
"a826837ab1764e4aac5b3163af8f2356",107,0,,,,,,
"a844449b20814f93b8542b62fd72bacd",107,1,12,0,,,,
"a89e18fab188488abcd0cb20a1480dff",107,0,,,,,,
"a8b1fb8599ea4624997929d194df9851",107,0,,,,,,
"a8f288b8aa41463486f98c62334e6498",107,2,9,0,,,,
"a9645d5b9bda47f780c1333f9f59af34",107,0,,,,,,
"a983278448b344489b12dc0725752a0f",107,1,10,0,,,,
"aa136df8e8504d02a32269f50817d1b3",107,0,,,,,,
"aa3ab803a21d443092f5f8dadd80ace8",107,3,45,25,2,7500,1,
"aa661ee424734440896beda39bd8c16a",107,2,40,0,,,,
"aaf8a7d0c31f4505b1ce1347e1fa236a",107,0,,,,,,
"ab13ca14ee2847d19f419f2738366c55",107,2,19,0,,,,
"ab3961f1b648474d9f43429f5b7d1246",107,0,,,,,,
"ab6172b948584ebe8fbc79736257ce9e",107,0,,,,,,
"abc2eb27b6f84b218491f190f7bd8dc6",107,4,34,0,,,,
"ac69f32d47824a328f80c63f576d3cbf",107,0,,,,,,
"ac6e0ef78e9b4d72ae477124a87e24b9",107,1,6,0,,,,
"ac7c017773394b21bda7d7a841668f50",107,1,16,0,,,,
"ace3cb5f9c744f5987751f79d906599a",107,1,12,0,,,,
"acf39bf029504f5e8dcedba3100d2c39",107,0,,,,,,
"ad03535f108d4cfeabc86f7a666d79f7",107,0,,,,,,
"ad59cb3bb3fa4b73bc012cdde2e9ddb9",107,3,28,6,2,2400,2,
"ad5e1e0f3baa4a9d9e5b4c04e760da4a",107,1,16,0,,,,
"adc4acbf9dfe49ce9db9359a5f504705",107,0,,,,,,
"adc8d19d7b854ad2b55080dcea3f17dc",107,3,30,0,,,,
"ae2acf470b7d4d12b14203c2265d9f62",107,0,,,,,,
"ae378d75b5a1419d904d20e4f2936d18",107,1,12,5,2,2500,1,2
"ae384fee2c1d4529863770b806fff9f4",107,2,23,0,,,,
"ae48ed56320d4bae9844060b5138bd17",107,3,25,0,,,,
"aeb8218a028e45faa144a2d25b6a7052",107,0,,,,,,
"af0fcac55cdd4b32849c92d4af701f79",107,0,,,,,,
"af49828203054f41908ae4b4ec3704a1",107,1,6,0,,,,
"af623be31a5c4e259e34bc0c0e007e69",103,0,,,,,,
"af8e6ef8dfdd43469010bdeb00ecab88",107,0,,,,,,
"afac3402b6234ab68aa20bb82645a9ae",107,20,8,0,,,,
"afb6161ef4fc480bb45b596e512c6c2f",107,6,40,0,,,,
"afecf3d47a4444d2aedac11fc292f425",107,2,18,0,,,,
"b016c0c6b4114b7f8f5544a797f3757d",107,0,,,,,,
"b026906162bf45b2803ab6c99981f8bd",107,1,10,0,,,,
"b0719444cd0e4635918bca132a618497",107,1,10,0,,,,
"b0781c48a90947178ccdcf980f7e0801",107,1,13,0,,,,
"b090658cc69b4f5e90a0d2626b571a9a",107,0,,,,,,
"b09a045bf22d4d7aa98ab4463f8612e4",107,4,48,0,,,,
"b09aa1bab5924412ac37e4f869ad3ab0",107,2,18,0,,,,
"b0d9f19237d647f681ce5e38a84a7c57",107,3,48,0,,,,
"b11aea0ef7944c78b80144c645a21aad",107,3,10,0,,,,
"b1390cc91daf4acf8611fdf2ac23e6c1",107,1,15,0,,,,
"b19717862cb64ba69ce3562d2390f834",107,3,39,0,,,,
"b1ba139be20a476a92f80354da057d69",107,4,23,0,,,,
"b1c6ae39c4b04f4f8d31e1e427d0835c",107,2,18,0,,,,
"b2c20200638749669e0a8205da4d5777",107,0,,,,,,
"b2cf8e520bcf4bcbade9e01df5cefd25",107,2,24,0,,,,
"b304b9aac6f64ce2bbd169da0b8566fd",107,2,22,0,,,,
"b34609868f5447a6b3b3952c13a6ed01",107,0,,,,,,
"b3767470d6d74c919b0527a9b6956c38",107,1,24,0,,,,
"b388d412cb444c89b5de405dc4318c87",107,0,,,,,,
"b443e69b745a4e639d5c5fbc2ca2747d",107,0,,,,,,
"b484669dfd794540972081baeae06e64",107,1,8,0,,,,
"b48aec9268e84c96bf4b4d2b2e1f1603",107,0,,,,,,
"b4e9b9bda3f341ed9045ab3211cdf7f6",107,0,,,,,,
"b5026e18272641b58b4915a3fe13b5ae",107,3,27,0,,,,
"b597401743994f5690b81ea2633fcc31",107,2,30,0,,,,
"b5b05a8426f04ac29ba2aa3089320756",107,0,,,,,,
"b5cb37f16e3347448b3e7ff46baec769",107,0,,,,,,
"b5e28ef726c94419b724cab4896077aa",107,2,16,8,4,4000,1,2
"b6680083ccb8401194fd889d5eadc656",107,0,,,,,,
"b6f894e9a3924d45a1f23e72ce88d4ee",107,0,,,,,,
"b76681e65407465ab760a8b749cb8b7c",107,1,10,0,,,,
"b76a3b02d1bc47b0b3855cd6a90aa9ae",107,0,,,,,,
"b7b342d19fba48e5bfe3e0f080e60b26",107,1,10,0,,,,
"b7c55d82cf80491faabff2f791dc9b75",107,1,16,0,,,,
"b7c93161f8804f008a6db381b65b3b3c",107,1,10,0,,,,
"b7cc6626a4df403db96ade9d59d61be9",107,3,20,0,,,,
"b7f097f5ec9b480d82d34047837ce249",107,2,20,0,,,,
"b80523d51b914db880772bccb6d46519",107,0,,,,,,
"b80b8562fa0b4736bb363f3f32eabd58",107,2,25,0,,,,
"b81c9a390c9346bfae26590c802ed1b4",107,1,6,0,,,,
"b8473c9d33314a2f82d294e5535af003",107,0,,,,,,
"b86eb2626ec2482e8df54c31d089f3ea",107,3,48,0,,,,
"b885cb150f8f43c78a66e4b3fd15d7ab",107,2,15,0,,,,
"b88e7c95f82444e29a7a8db4f0fe8be7",107,2,18,0,,,,
"b8ba9e84a6104122b6825514fcf2e1bc",107,3,20,0,,,,
"b8bb460dec1f49249567b6cfeebe2013",107,0,,,,,,
"b8e2cea8f2cb41658f39a0a0c0f62823",107,0,,,,,,
"b8ec23406ddd4322af5d0c32037a03c5",107,1,5,0,,,,
"b964100c9f3c4b2d9a01418630c3aa61",107,0,,,,,,
"b98f427fb06841d4859bf39fa28d4ff1",107,4,48,0,,,,
"b9c14f2fe5c54701a464a820ab60157f",107,0,,,,,,
"b9eff8f172ee42e0b824fe36749a1f46",107,1,3,0,,,,
"ba2ce38d51a74c28a29bf26bd79e8e86",107,0,,,,,,
"ba679ebab7a24078a059771ed2c6d798",107,0,,,,,,
"ba7f4486c8b646b586fff76bc63694a1",107,0,,,,,,
"ba81be4a3ee64134b255a3f8956baf6e",107,0,,,,,,
"baae5a260fa144fca69a974635fa114d",107,2,20,0,,,,
"babce4c54f7948a79ce986d72bae32d8",107,0,,,,,,
"bac1e1a10a5a44babb6cf21463891f45",107,3,36,0,,,,
"baf140fd09684716b150ac68f1c0a61a",107,1,10,0,,,,
"bb134e8f81b344a9a30131d02b84b34e",107,0,,,,,,
"bc968aaf6f2d41b789eda8af7be667f6",107,1,8,0,,,,
"bd1c08d3f7ad474a8b43305da8b6a540",107,0,,,,,,
"bd27f73982f14a068a8210bfb2dbbbc1",107,0,,,,,,
"bd72aee8d4164067b0e2a4fbd4e254a2",107,0,,,,,,
"bd7f6a475cac41cea98b2ce0f43d9c9b",107,1,16,0,,,,
"bdb354bb8e6d4a948371343ed30a4078",107,1,4,0,,,,
"bdb4e1273cf948b59b09ae2d8b907fa7",107,4,40,0,,,,
"bdf2414dcc9e40008d670974bfbb1dda",107,0,,,,,,
"bdfde6bf76fa4e6690cc3f692657de57",107,1,8,0,,,,
"be4e3dfc53034885a1a42d4840817c88",107,0,,,,,,
"be88971398b34b26bafc41624920e7e5",103,500,3600,3600,2,956000,2,
"bec29af61e624ba1b0d5bb1137ee3d87",107,0,,,,,,
"bed3e73713634cebbc2c9bbd8f5cf072",107,1,5,0,,,,
"bed473acc27844feb5141ea3784501de",107,1,14,0,,,,
"bef86061296b4b76b955447d27508c08",107,1,12,0,,,,
"bf3be37bfc524376819d8ffe6f93ded9",107,4,24,0,,,,
"bf9d7ec3f37e488e92f82ba237bfaa31",107,2,45,0,,,,
"c00e2d51bb424d518fb62d0431aed082",107,2,30,0,,,,
"c0512c0cad7d4c5c866d72a138ec9d69",107,0,,,,,,
"c057a0ae94a948da99fc510c2ec51e8e",103,250,10500,10500,3,3000000,1,2
"c07d993a72ec4f05bbcd6fd152c35052",107,1,10,0,,,,
"c08223acc5a8485e8de6744a289cc415",107,7,40,0,,,,
"c08d7f3d06be445f9599a2704a72a3d3",107,2,20,15,2,7500,1,
"c0d1b04857314dd488addfd633f906d3",107,0,,,,,,
"c0f54fb6aef14c8d8096200c4fe48dfd",107,0,,,,,,
"c16d96403d4844d78a43024ca4ff315e",107,2,21,0,,,,
"c19b80977d444d4baea4229850d6883e",107,0,,,,,,
"c1f5cb68243e4370ba4103ce526854c7",107,0,,,,,,
"c21897c536a245d198ab17088b5c842e",107,1,12,0,,,,
"c2546dd3727f488d94a0a57bdbf1421b",107,3,24,0,,,,
"c27fb44de024448e8d117488de51b37b",107,0,,,,,,
"c29ccb7007c14dc1a36acf811a01839c",107,0,,,,,,
"c2a181b861284c4b92bfdf46e3fab83f",107,1,13,0,,,,
"c355925c84ec4dc5a94e976ba1f06102",107,1,11,0,,,,
"c3619c9cc0ff496da2d064b12f525722",107,0,,,,,,
"c38229ae4b5d4de0bff50c0a4e104f18",107,0,,,,,,
"c38ed4e9da4241458af9b822239ce2a2",107,0,,,,,,
"c3e2341ab5334952b63af694bed6d456",107,0,,,,,,
"c3fa2a71206342448acd05c76dd1608a",107,2,20,0,,,,
"c4b6ff81b58f4df9809172ea18f79f7a",107,8,120,0,,,,
"c4bfd881db4849bcacca22abf8cb7a02",107,2,20,0,,,,
"c4e19cc8b4c6486ea978a911c509f377",107,4,35,0,,,,
"c5267533e49e433f8474eabc153c6cf4",107,2,24,0,,,,
"c542d7add8214420897df6776abab710",107,2,12,0,,,,
"c558d59ecde74d658c636825086bab14",107,1,10,0,,,,
"c5a5a13f59374604bbbaaa42b8ae58bc",107,1,6,0,,,,
"c6195e760ad248808e6f22c1b336cb2b",107,3,25,0,,,,
"c672847bea0742a88fa60f79ce148331",107,0,,,,,,
"c691fbfb9e0a433aa0d5a8f0d09d7436",107,1,8,0,,,,
"c6be78d8dbbf42e3874c9f8ac5c61f5c",107,4,30,0,,,,
"c6e6881d681f46af9efc2f27e64fcdc4",103,0,,,,,,
"c6fdaea274514bceab3e47e3b5ecf171",107,0,,,,,,
"c70dd1803b324b92b2796bb328ff2f5c",107,5,60,20,2,10000,1,
"c733fc061f9b4380b26345c6b2aa88cd",107,1,12,0,,,,
"c74969fb51ae4e04bec6101dcbcea596",107,2,8,0,,,,
"c75b833712cc44b39d08fd45d1b9db63",107,0,,,,,,
"c77eec233dd34f078d3856a95b984616",107,0,,,,,,
"c85b148132f44909ae6cac0a78676239",107,0,,,,,,
"c8c4a9e0dbad4d3188d4482fca26d9fc",107,1,10,0,,,,
"c8d27e13b1764c378183c91d44e54ffb",107,0,,,,,,
"c9043b10ed134a71941db76ee6f16f04",107,0,,,,,,
"c91a597b687f4a5eaeae505dc3188892",107,0,,,,,,
"c9272b4495e44403895fb09be8251cfa",107,2,15,0,,,,
"c984a7d89061419ab57fca5feedbbb6c",107,1,6,0,,,,
"c9b5223c60574c27896d40d0ee98594e",107,1,8,0,,,,
"c9bab04ae0f2433091a57580deb97448",107,0,,,,,,
"ca05f04dc5fb4960b1c1dc9240f69486",107,1,45,0,,,,
"ca3049d03e9d4308af3b97fdce46877a",107,0,,,,,,
"ca4583e980e848bfab2997ba502c548f",107,0,,,,,,
"caaa15e8b3144a68bb2a04ce1b3f61fa",107,2,10,0,,,,
"cabf8bea274749cb8abdcf5d43679f69",107,1,7,0,,,,
"cad3d1698af8408f8813101490f8ffa1",107,2,26,0,,,,
"cae0ce39279b4e9b859488068377b08d",107,4,48,20,5,8000,2,
"cae57f60c76d47bdb3f319e6002ce2cf",107,1,7,0,,,,
"cae9af900516474093792d96be2231f4",107,3,40,0,,,,
"cb0bb26e396f4a4a9463674eb15ac239",107,0,,,,,,
"cb3a33597c1a4d9a8da9923ce135d51c",107,1,9,0,,,,
"cb6261f36877496a99010265768a6ace",107,3,30,0,,,,
"cb7501fa2a384213805aae2a9b815d49",107,1,9,0,,,,
"cb988146f4464defae9ec18a644f7135",103,100,3100,3000,2,1000000,1,2
"cbfe54623f664389812662f81e15ff9e",107,1,15,0,,,,
"cc1c2e4ec26047779497af8ba86337da",107,10,100,0,,,,
"cc58794a234540c0a88d3424f4cfdc2c",107,1,6,0,,,,
"cc6f4c0f37d349dd99bd994580edceb3",107,0,,,,,,
"ccd2816d54c1480f9e2217613d9782c7",107,3,26,0,,,,
"cd277a80d89b479aa6b5e7c605db0fd8",107,3,15,0,,,,
"cd465dbb23334472aefd11c762f945e2",107,0,,,,,,
"cd7d1e66e898489eb998eea7bf94ec5a",107,0,,,,,,
"cddd06b877374997a32689a0d5302536",107,2,18,0,,,,
"ce2d49c3340c4b7cbde965053dd33110",107,0,,,,,,
"ce59ddca2f944eaabab2bc796a87cd69",107,1,12,0,,,,
"ce73a020e9394e18abe47f68f8769446",107,0,,,,,,
"cea56335356b476b92edc70dae7e2e7d",107,2,21,0,,,,
"ceb691ba786d4dd2b60a4413237a0f9a",107,1,15,0,,,,
"ceca664d153e40fe9d7cc77aa9c9f085",107,3,24,0,,,,
"cee9a69308d7483b926e6742e380a4ef",107,3,15,0,,,,
"cf14f86035f849ae92d30fd485c90b93",107,2,20,0,,,,
"cf181580e26c4bb6afdf4f0652b92efa",107,1,12,0,,,,
"cf3cb7e0f5964545b02fff49ef1608ce",107,0,,,,,,
"cf57a6b9d7f94835965c054fd697ba78",107,3,21,0,,,,
"cf74ceb67a8645fbbae60ee11e5288e3",107,0,,,,,,
"cfcd1080942b4232b02f8e83e8cc3fb1",107,0,,,,,,
"cfeeb97657a146d2af96f2b6f44ed007",107,0,,,,,,
"d09d53ce3b15410a90e09d60ce5b5231",107,2,21,0,,,,
"d0b9ed3d036e43079d3c417e5ec7f5cd",107,2,13,0,,,,
"d0c4ac3392a848a59a5b6889e5464cdf",107,0,,,,,,
"d0f8bfb36d7d416ca67c524754d7fa37",107,0,,,,,,
"d122c29d957e4862a4a2275f4aeb520e",107,1,10,0,,,,
"d12b0a001554400f9632d5fb7d2d816d",107,1,4,0,,,,
"d1aec0c1425748a99900fdd3086cf25e",107,2,9,0,,,,
"d1b9c2c55df64dfda53d3a301e862459",107,1,10,0,,,,
"d208c5d95f754d22a8db4423f348c4a1",107,0,,,,,,
"d297bbefa75442088829a6e0e018bd47",107,0,,,,,,
"d2c0aad97ef745bdb24668c04a3e98d5",107,0,,,,,,
"d2c4e3581cf84c7ab3ae39a0b6ef2537",107,2,30,0,,,,
"d2e69dc8645343b0a0998cafd392ab1a",107,1,11,0,,,,
"d2f294487b4245ce93b6be3725298267",107,0,,,,,,
"d31357fa80cc4c92bc246977c1affd38",107,0,,,,,,
"d32c828937da4ba095868fb4b237594a",107,0,,,,,,
"d386bb0a11ae4b35a236f8585019fadc",107,0,,,,,,
"d3ea5ec40dd44cd7913cf732de25501c",107,2,17,0,,,,
"d43af79087294ccdb95d692f8bf1f2bd",107,2,20,0,,,,
"d45709014ad3448586c8f01e4f08e8ab",107,1,8,0,,,,
"d4ec1a6ba0f64766bb9409c3b8d0103e",107,1,12,0,,,,
"d5121a02526a4901b8fd472d38e7f16e",107,2,23,0,,,,
"d572df83ab824412be02979fa97a7221",107,0,,,,,,
"d58c453a9a5e4b0b96775533c8ea8842",107,0,,,,,,
"d6427029a806472b81bcf11c98438b22",107,0,,,,,,
"d6d7097bbf12493dbb0ef9207c2cb522",107,2,20,0,,,,
"d73a36dc3cd342be8e5a9f6929e6a96b",107,2,15,0,,,,
"d73b3e7f240e4b1996e06c96cea26c0a",107,0,,,,,,
"d76ea9bda03e4d609bd49189e780c0f8",107,1,10,0,,,,
"d7706b24c3d347c8bda5cf141b4b4f77",107,3,24,0,,,,
"d77e53921f974b3981f631b813415ba1",107,1,11,0,,,,
"d7c13215572f4d70acc4de60318c1e83",107,2,12,0,,,,
"d7d359c3b4d843659029b4ae9a3a2bd9",107,1,12,0,,,,
"d7fef0ab4776477eb5ca1995863949aa",107,2,25,0,,,,
"d8181d3e4c42463081979f6ea493581c",107,1,4,0,,,,
"d82399caba274200a98c02f9b653531b",107,0,,,,,,
"d823d26a483f4f20b3621b50a718a287",107,2,30,0,,,,
"d8299527d4c84e3d9e5b12814f1ec51c",107,4,55,0,,,,
"d839c9a5032942198fe95b2b90b9cf01",107,2,27,0,,,,
"d83b8ab8621d408c9690f8b4e925f674",107,0,,,,,,
"d848e75df3dc471da4e5721cee7c1fd8",107,1,12,0,,,,
"d86d2a43c16b4abeb24f0ad7ef658b8f",107,1,12,0,,,,
"d88dba25dca0447192adcc15ba4c7c7e",107,2,20,0,,,,
"d8dbdd6a08d240e59a1dd515b8e93dea",107,2,18,0,,,,
"d8dbdd6a08d240e59a1dd515b8e93dea",103,0,,,,,,
"d954e17bd5304637aaa3711cb8336fa9",107,0,,,,,,
"da59c2b263a7443a8683914355a15bd4",107,2,20,0,,,,
"da8f2cca9b5f4b5eb8712a1e6f16221f",107,1,15,0,,,,
"da9d2b5060f746ab91a5c2f80a130918",107,2,15,0,,,,
"db5bc412d6e449a8879c576f069d2728",107,2,29,0,,,,
"db5d0ba5c29b4ad0869ddf8e90201d9d",107,0,,,,,,
"db635523a5904962828e09e34f78976c",107,0,,,,,,
"dbf651b041b5406f8df94a53523add5c",107,0,,,,,,
"dc959d3ade194df79646dea9ff0ede4a",107,2,10,0,,,,
"dca38505f5094514a5c4151ae7ad462d",107,0,,,,,,
"dcab0e4bf2784240bdff1d0e5b222a99",107,1,8,0,,,,
"dcb504c259974805bec32ad825cbc826",107,3,30,0,,,,
"dd10ba0dc99341458a25c7b81a5b01ef",107,0,,,,,,
"dd206ad22331496e9914bfe69dc07517",107,2,13,0,,,,
"dd210f05b7b04d1cbc14aa235d69410f",107,2,25,0,,,,
"dd40bff42e514379bacfc29d41cead69",107,0,,,,,,
"dd53075b6ab148ebb04036c88635d714",107,0,,,,,,
"ddf4f5dafea54f6f8ea064ff80382255",107,0,,,,,,
"de33100b792a468b82861672d9340ef3",107,1,8,0,,,,
"de5ae2c27aba4940a130e76e7cf0b8e0",107,1,10,0,,,,
"de64d77e46e44616b730990929a0a13f",107,0,,,,,,
"de78b2db48d74e4e887180ea216b5484",107,1,10,6,2,3000,1,2
"deb474ee4cdd400f9d45fc267f196969",107,0,,,,,,
"deba7803811c4dde9db8f82213059a54",107,0,,,,,,
"df0183ce430a4e60ab1c7bb31a445492",107,4,48,0,,,,
"df0f502196f94b519d8093519a257361",107,6,80,0,,,,
"df12a5d33da44ea882b18c6806dc5b2c",107,1,4,0,,,,
"df1f06cda66b44f38e4c6ba5b626820e",107,1,1,0,,,,
"dfe74e541ed746b8add1788af91f3ed8",107,3,21,0,,,,
"e09db7b3f5e244dc9c992509af84b842",107,0,,,,,,
"e0a35de7a3ab4506a26d478156e03755",107,0,,,,,,
"e0af6581e4804877ac5ba292552a8ac3",107,0,,,,,,
"e0b7a6329e394fb8a9432b1088ebb369",107,2,20,8,5,3200,1,2
"e0c2784f134e4d5281e6f09a0e3ccd42",107,0,,,,,,
"e0c4f4458c6d45c3b8f5ab2aabbadc85",107,0,,,,,,
"e134efcd428440bf9679a2776f189fbf",107,1,8,0,,,,
"e152b42c97104718aec92008671c5a49",107,3,21,0,,,,
"e1574e4773b548a090ee537919713b0c",107,2,9,0,,,,
"e16430700605483094eb2241798d8b12",107,0,,,,,,
"e16705f59aef4668ab4b2eba8162f925",107,3,30,0,,,,
"e175581652a54d719eefd6717694abdd",107,0,,,,,,
"e18e3ded6e684e3b9492a55090893950",107,1,11,0,,,,
"e1b4ec4ceb7748b3aaff2448cbaa4006",107,0,,,,,,
"e1b9ef12df374cc7a3310c77f9b2049d",107,1,16,0,,,,
"e2003f17fe5e4ac49e2c9db3398d75c0",107,1,3,0,,,,
"e2129f8175624a4cb4b7928b8a3e3048",107,2,13,0,,,,
"e28fa276d0bd4fbb9b7057bd52355db6",107,1,10,0,,,,
"e2d990414c764b6586b2955fda395718",107,1,13,0,,,,
"e2ebc60d668649ce8d7226aac83b180e",107,1,15,0,,,,
"e35b0fbe3fb64f5b97cc925839a08974",107,3,16,0,,,,
"e35e43cf097941289b9865c11735dc4e",107,0,,,,,,
"e3757ed781814ce09945f0a8355b67ee",107,3,35,0,,,,
"e38c6169570d41019dd68ea2cdbe44f7",107,0,,,,,,
"e3a9d55a6dbf48179d42053358378fac",107,0,,,,,,
"e3befb8283e044ad9d495bd952f9e57a",107,2,12,0,,,,
"e423b8514f984fb19a048369b9982434",107,0,,,,,,
"e48422ac358e481db4fda7af93c33cfe",107,0,,,,,,
"e493ef6d407d428e8d1b4dc2f7b005c0",107,1,20,0,,,,
"e4985f432e97443592da086e748b9032",107,3,30,0,,,,
"e4a757a91e4648b1b029ecf7dd3a8380",107,0,,,,,,
"e4ea7e6b01d9417dbd7b0b6a83ddea88",107,3,45,0,,,,
"e51b48f20cbe4a4cbaec7455e00bb889",107,0,,,,,,
"e584f4d86bb24307b3908b7c23128dc6",107,3,35,0,,,,
"e5a999aba16d499292df3e91f4a0357a",107,1,9,0,,,,
"e5fbbe096194464e9101b737007f5c06",107,5,25,0,,,,
"e612b42437064ab390194b18cd3be965",107,1,15,0,,,,
"e6a9bab17f8849be80d75e279c53c64e",107,0,,,,,,
"e7032cc83bf04c508071542253a71c95",107,0,,,,,,
"e736bcb6cbfb4c64b6b9f29f9010ba6a",107,1,9,0,,,,
"e7b2a8826af4454b8ce0f34b0af210b6",107,0,,,,,,
"e81dd4fafebd4642b9f785a854f97eda",107,4,34,0,,,,
"e93304fc741f48ea8ed8aa146c7cad83",107,0,,,,,,
"e960d0e5dbca481982f8c2daf6baa747",107,0,,,,,,
"e9672f81fee64055b5f64b7c1a6b7877",107,0,,,,,,
"e972e0a055404061a245cfe41d97ad8f",107,0,,,,,,
"e97b81b2faab4dbebec422e026582686",107,0,,,,,,
"e9f8f8d1007f424aa250a9c18c7dbaf0",107,3,60,0,,,,
"e9f8f8d1007f424aa250a9c18c7dbaf0",103,0,,,,,,
"ea06455856894693bc33b00b32a92f5a",107,0,,,,,,
"ea067071f6d64bfc94b1bd2d4c3a4919",107,1,8,0,,,,
"ea0f8ef467464f618542403018e823c1",107,0,,,,,,
"ea18cee658d74251b9ab55aca490585c",107,2,17,0,,,,
"ea3f64282dec45d0ac1f208d47bb864a",107,0,,,,,,
"ea68815dfc924337a42328a0201bb650",107,0,,,,,,
"eb1176eebac742c8bc3197c4562bff4c",107,1,9,0,,,,
"eb1ecad4774e474f8aed5fb46011150f",107,1,12,0,,,,
"eb1f1dc0ec804c4d9793864ad696ca2e",107,4,30,0,,,,
"eb25a1ffa3cf4f5daba8c028bb6455b2",107,0,,,,,,
"eb69150ec411452ca3da511a12e2961b",107,0,,,,,,
"ebc0193e87d54628a69a3eb487d230bd",107,2,25,0,,,,
"ebca481cda3f44b8994ce28537e65ac6",107,2,24,0,,,,
"ebda0df9a90c4719a06189fdaa983424",107,4,28,0,,,,
"ebe9024cda2c457199f42334c99bc0e1",107,3,45,0,,,,
"ebeb4068415d4c50beaf62978184a866",107,8,5,0,,,,
"ec06fa5313c74da893df368fb6ea31e3",107,0,,,,,,
"ec16361d869e40628761b03b6ccdcd4b",107,2,20,15,2,7500,1,
"ec6988a4f8cc4f078d4aac5e526fdb24",103,150,841,841,3,420500,2,
"ec757c338d2a4d41a98729e3fd1667c8",107,2,8,0,,,,
"ecb2b965be814193a99ac136cac076db",107,3,50,0,,,,
"ed2b480c4ef44338a0f1cd3fc71049a1",107,0,,,,,,
"ed423aeba23f4e3fa6071235bb8b0d30",107,0,,,,,,
"ed9ab55f902c4f7caa511af3ed85dd25",107,3,22,0,,,,
"ed9c584fca2a452b81b2f6167ba947cb",107,2,20,0,,,,
"edc2e1593f6a4124833981d7ffad0744",107,2,6,0,,,,
"ee1180a3b9074cb39680a4cd7f776831",107,1,14,0,,,,
"ee5f7be787074fc0b18ed33fb179ae5c",107,1,3,0,,,,
"eebacd4a1e944411a7c22e017fc4a86c",107,2,30,0,,,,
"eebd9c02e4734a699bdedce972b62997",107,6,38,0,,,,
"eef6cf10e723440d97c6e62a0aa8c834",107,0,,,,,,
"f0293cd185b34a4a946ab1b2fcda62b8",107,4,40,0,,,,
"f040c1a3626f48e6870fc087ea2d733e",107,0,,,,,,
"f05999c84e3942db932adffa4ec24804",107,2,18,0,,,,
"f067d9ab90c14e808bdfe85780114ca8",107,1,7,0,,,,
"f096f28dd4c44a19a27374c884994693",107,0,,,,,,
"f0a874e9e24144bc81cb11bb22f5e6f9",107,3,35,0,,,,
"f0aeaa7590ce4f6dbd68b17380d33db5",107,1,5,0,,,,
"f0af4f68b5094cda94c066c337e4e3f7",107,3,35,0,,,,
"f0c6d81726b24ec3b676a07b587b5876",107,0,,,,,,
"f0d023b52fe14b8989067a909e26ffb9",107,2,22,0,,,,
"f0d064b16cde4eeaa5d143b20ad4288a",107,3,35,0,,,,
"f10aaca018df42218e821c48e4dee33f",107,1,8,0,,,,
"f135b7607bcb4d48b9da2f31ee6b243c",107,0,,,,,,
"f1537f5ea95d4d959ec54619ab6155b0",107,0,,,,,,
"f1f4dfae64ae44059ac6c0a0e317756d",107,0,,,,,,
"f263258652d14019a52c5e93cf7534b4",107,0,,,,,,
"f291a0d067164a56a7d38444192dcb84",107,2,30,0,,,,
"f31ba30a632b445b89e8999afa9205e8",107,0,,,,,,
"f39c780683064d9fa3cf16948fab8360",107,0,,,,,,
"f3a0c5bac8584f529c6dcd3c7d7124c0",107,3,22,0,,,,
"f3cca769897e485b8c62f9c77f5557fa",107,1,5,0,,,,
"f3e177ed6e204c6190cbbad629d4d5b0",107,1,10,0,,,,
"f4051f6bf98a4360aab6caa95fdb55ba",107,0,,,,,,
"f45c2a602e0d4609abdd5d9c8224734f",107,2,45,12,2,6000,1,2
"f45e47063a174cd796397077ac56afec",107,1,12,0,,,,
"f46a5db920f84ad0a06c06672102029d",107,5,50,0,,,,
"f48fbbf7649d4fdebbd984b8a303ec89",107,1,10,0,,,,
"f4db6d39fd7d46d39b2a55a9e31443b1",107,0,,,,,,
"f549126dd64045468fd225b97077443c",107,0,,,,,,
"f577c7c7a66a4af6b4327b06712c7e59",107,0,,,,,,
"f5824a55f9c547579bd1ee9c95db2912",107,0,,,,,,
"f5d7db6cc92742c4a17e3ffa4a8ea335",107,2,22,0,,,,
"f5fd515d32b4403488623e489e453c66",107,2,20,0,,,,
"f63883ce79c14547a17f70e543a33fb4",107,1,25,0,,,,
"f63f3d9bc363443da137952b5dca3464",107,0,,,,,,
"f6540c6308904ba4867a05bfd2539aa6",107,0,,,,,,
"f65cb2f57f434d38b4f54df92e7d75f9",107,2,22,0,,,,
"f6c7716b58434f9c92b8291847988daa",107,0,,,,,,
"f6cd21fa81214b4997cf94809b696976",107,0,,,,,,
"f6e2a1c3860e4a539fcfb936735acdb2",107,0,,,,,,
"f727232a3db048af8c4171b6b4120567",107,4,12,0,,,,
"f744cf091afd4da0af258f7158b9e1d0",107,3,40,0,,,,
"f765584b65144d368102036e1f1c864b",107,6,8,0,,,,
"f77028676e6f408d8e001187b5b96907",107,1,10,0,,,,
"f7867ef75feb47929fa64e3c310a8c03",107,0,,,,,,
"f83cdb4b49ac4f3d9c3370f0859ed906",107,2,27,0,,,,
"f858b1717b2040c38adc68e4dad64629",107,2,30,0,,,,
"f888744b268c4e539e81f9aa42c10186",107,3,30,0,,,,
"f8e7189925b64b86854b95c7bda2598b",107,1,10,0,,,,
"f8eb06e0daf444e8900c501f1f499a73",107,0,,,,,,
"f91eb672ddd9405897d19a1cbcd4adc1",107,2,22,0,,,,
"f929627b27cb4a6497e4f2f5e8556449",107,0,,,,,,
"f975d624824c43d8993aa9510575254b",107,2,24,0,,,,
"f97ec5c6042e466583c3b89a57c78342",107,2,12,0,,,,
"f9884870860d40ee8e4f7c19435eaacd",107,1,8,0,,,,
"f992a8ceaea84af19d5b341141683e36",107,2,21,0,,,,
"f9a4cd1936524e15bb040f70f6247a82",107,1,6,0,,,,
"f9dbaead7f5245678aea6fc287d03a51",107,1,20,0,,,,
"fa4e9895b7954c7d9b89f811d312432b",107,2,18,0,,,,
"fae67a00df6c4af8b2bf0379ab1c2788",107,3,34,0,,,,
"fb0217ed00834304a53bc081e9ad0c31",107,1,10,0,,,,
"fb396ea01ec446089fa2f74b74fc8708",107,1,7,0,,,,
"fb99a93f0eac43609313c3acf8aedc9a",107,4,35,0,,,,
"fb99e0f23d0f46a5bd0fcbe868825ddb",107,4,40,0,,,,
"fbb36752459745fabed1bd2f20b9e31c",107,1,45,0,,,,
"fc2f46d65cc4476a8cf7721c168844dc",107,1,5,0,,,,
"fc56b0b1736e4dccab3ec46405f01b25",107,0,,,,,,
"fc6c2f9be5674c1bbdc4272645ef9f6c",107,1,10,0,,,,
"fc9d9d0ef91c48e99045243af67c62de",107,2,15,0,,,,
"fca6ecc0302f456fb1496008dac881a4",107,10,7,0,,,,
"fcd2d738207b45cbb90ac2d2da45d1e6",107,0,,,,,,
"fcd98c21cbc04f03969d1c197431d481",107,0,,,,,,
"fcea1e52b50a4fd0b3182184b990594a",107,0,,,,,,
"fd0b9ad1bc9b42c397ea1f9276333e42",107,1,12,0,,,,
"fd523ac8cfde4230aea1313912c16728",107,2,21,0,,,,
"fd69999d27a049a091f7b24613499491",107,1,10,0,,,,
"fdc6ff90b6ab4301b7b4fb260acadc4f",107,2,14,0,,,,
"fdcbac53ea814e8c9e7bf058bb4d5e68",107,4,40,0,,,,
"fdd9a2eefd064addade5401dc596b2fe",107,0,,,,,,
"fe09b1542ed94f4088b0e1f01c6fc186",107,10,50,0,,,,
"fe474d1b76a14e58ae00c93bc9916175",107,1,13,0,,,,
"fe58670e69dd44d594a5822131774af9",107,0,,,,,,
"fe5da3d6ff3444ce993a3e1e4d3427df",107,2,28,0,,,,
"fec6f0f8f73b414fbe7047c1017a4820",107,0,,,,,,
"ff1b1ff02c534e398cade0e83027cc5e",107,0,,,,,,
"ff5869d3420643fbbdb7897ea89d009f",107,1,14,0,,,,
"ff6c8b1a47334dc88d74ee0f5e2d880c",107,1,15,0,,,,
"ff761e5cee3646ddbf46bed731dff0f4",107,0,,,,,,
"ff8b330984bc466aaf2366c3eea3d8cc",107,2,26,0,,,,
"ffb33b3ededa4019a02be24224ab0440",107,8,360,360,2,126000,2,
"ffea6d0233164dd3afe28545f2cbb5f9",107,1,10,0,,,,
"ffec87c6ae87498f956723afe69266b9",107,1,8,0,,,,
