"Final_EA_code","interview__id","Water_facilities_id","s3q22","s3q23","s3q24"
"410201010733","05a0fe0e9f714c0b84f108d501df571a",5,2,0,2
"410201010733","05a0fe0e9f714c0b84f108d501df571a",1,1,0,1
"223121030202","05f078de3c20400bb66156c3a52d43ec",2,3,0.1,1
"223121030202","05f078de3c20400bb66156c3a52d43ec",6,2,1,1
"223121030202","05f078de3c20400bb66156c3a52d43ec",5,1,0,2
"415114070301","07ae8f7297234aee97940f7561f48346",5,1,0,2
"415114070301","07ae8f7297234aee97940f7561f48346",9,2,0.5,1
"204102040514","0878b9ca320646cbb31fafb49df1a623",3,1,0,1
"205101030109","098b64d5f62d4447a876789fb7762cb4",1,,,
"205101030109","098b64d5f62d4447a876789fb7762cb4",2,,,
"205101030109","098b64d5f62d4447a876789fb7762cb4",7,,,
"205101030109","098b64d5f62d4447a876789fb7762cb4",5,,,
"205101030109","098b64d5f62d4447a876789fb7762cb4",8,,,
"205101030109","098b64d5f62d4447a876789fb7762cb4",4,,,
"205101030109","098b64d5f62d4447a876789fb7762cb4",9,,,
"205101030109","098b64d5f62d4447a876789fb7762cb4",6,,,
"205101030109","098b64d5f62d4447a876789fb7762cb4",3,,,
"307202030201","09bfa283100c462d998e21c567116948",1,1,0,1
"307202030201","09bfa283100c462d998e21c567116948",4,2,1,1
"107302030503","0aee3535b7234e049787609e8776fee8",4,1,0.2,1
"107302030503","0aee3535b7234e049787609e8776fee8",7,2,0.5,2
"117202080201","0b08b47250b441e9a1cef5e119453e39",5,1,0,2
"117202080201","0b08b47250b441e9a1cef5e119453e39",6,2,1.5,1
"204203010514","0c7be6801de643efa91970a69114cead",7,,,
"204203010514","0c7be6801de643efa91970a69114cead",8,,,
"204203010514","0c7be6801de643efa91970a69114cead",3,,,
"204203010514","0c7be6801de643efa91970a69114cead",5,,,
"204203010514","0c7be6801de643efa91970a69114cead",9,,,
"204203010514","0c7be6801de643efa91970a69114cead",6,,,
"204203010514","0c7be6801de643efa91970a69114cead",2,,,
"204203010514","0c7be6801de643efa91970a69114cead",1,,,
"204203010514","0c7be6801de643efa91970a69114cead",4,,,
"313104010108","0d07cf9a197b4eaa9ba64ed29c9134ad",4,3,0.4,1
"313104010108","0d07cf9a197b4eaa9ba64ed29c9134ad",3,1,0,1
"313104010108","0d07cf9a197b4eaa9ba64ed29c9134ad",5,2,0,2
"118101041020","0d35d167e05a48cabed55225424424cf",5,1,0,2
"118101041020","0d35d167e05a48cabed55225424424cf",6,2,5,1
"102104081332","0e0a6e4e61be4e86827a616c7e49c88b",1,1,0,1
"117301041130","0f26d7f7b06f4b93855c5a0a44a4a6d0",4,,,
"117301041130","0f26d7f7b06f4b93855c5a0a44a4a6d0",6,,,
"117301041130","0f26d7f7b06f4b93855c5a0a44a4a6d0",5,,,
"117301041130","0f26d7f7b06f4b93855c5a0a44a4a6d0",8,,,
"117301041130","0f26d7f7b06f4b93855c5a0a44a4a6d0",7,,,
"117301041130","0f26d7f7b06f4b93855c5a0a44a4a6d0",2,,,
"117301041130","0f26d7f7b06f4b93855c5a0a44a4a6d0",3,,,
"117301041130","0f26d7f7b06f4b93855c5a0a44a4a6d0",1,,,
"117301041130","0f26d7f7b06f4b93855c5a0a44a4a6d0",9,,,
"113105050532","103ae2d40d654ba6ae6314c148087521",5,2,0,2
"113105050532","103ae2d40d654ba6ae6314c148087521",1,1,0,1
"317101010205","104d7f9eb5cc42939d5b89074e036cb9",5,2,0,2
"317101010205","104d7f9eb5cc42939d5b89074e036cb9",4,1,0.1,1
"232101040606","1058921f8e3e4719beb3f8c64572daf1",4,1,0.5,1
"232101040606","1058921f8e3e4719beb3f8c64572daf1",5,2,0,2
"311105051111","10e47f214cb7482aa3d9da38fbb07f61",4,,,
"311105051111","10e47f214cb7482aa3d9da38fbb07f61",9,,,
"311105051111","10e47f214cb7482aa3d9da38fbb07f61",6,,,
"311105051111","10e47f214cb7482aa3d9da38fbb07f61",2,,,
"311105051111","10e47f214cb7482aa3d9da38fbb07f61",8,,,
"311105051111","10e47f214cb7482aa3d9da38fbb07f61",3,,,
"311105051111","10e47f214cb7482aa3d9da38fbb07f61",7,,,
"311105051111","10e47f214cb7482aa3d9da38fbb07f61",1,,,
"311105051111","10e47f214cb7482aa3d9da38fbb07f61",5,,,
"308102060619","1124288a21f7429c8e9307a11291b298",3,1,0,1
"327106020513","11324295e37b4bd8b91976e0d5e61df7",1,3,0,2
"327106020513","11324295e37b4bd8b91976e0d5e61df7",3,1,0.3,1
"327106020513","11324295e37b4bd8b91976e0d5e61df7",5,2,0,2
"102104020103","120745e30ae2426f86bb7f0dc22bbf48",1,,,
"102104020103","120745e30ae2426f86bb7f0dc22bbf48",7,,,
"102104020103","120745e30ae2426f86bb7f0dc22bbf48",3,,,
"102104020103","120745e30ae2426f86bb7f0dc22bbf48",6,,,
"102104020103","120745e30ae2426f86bb7f0dc22bbf48",8,,,
"102104020103","120745e30ae2426f86bb7f0dc22bbf48",5,,,
"102104020103","120745e30ae2426f86bb7f0dc22bbf48",2,,,
"102104020103","120745e30ae2426f86bb7f0dc22bbf48",9,,,
"102104020103","120745e30ae2426f86bb7f0dc22bbf48",4,,,
"219103170202","14b0a6db23fb42a683d40499e0651e1a",6,2,0.4,1
"219103170202","14b0a6db23fb42a683d40499e0651e1a",3,1,0,1
"115202070303","14c013df40e448d49e47f95ceab9d37e",6,2,3.5,1
"115202070303","14c013df40e448d49e47f95ceab9d37e",5,1,0,2
"303404030404","1559b44962074f1fa1de10a1c4794e7f",5,3,0,2
"303404030404","1559b44962074f1fa1de10a1c4794e7f",1,2,0,1
"303404030404","1559b44962074f1fa1de10a1c4794e7f",4,1,0.2,1
"113105040201","15d825f70832453c8d77d9b0db1b716f",3,1,0,1
"113105040201","15d825f70832453c8d77d9b0db1b716f",5,2,0,2
"223128010204","15daaf897d21429892bdbf6e9764ae66",3,1,0.4,1
"223128010204","15daaf897d21429892bdbf6e9764ae66",6,2,1,1
"322108020610","165176d72b6e412cad2ebc29b0a29ee2",4,1,0.5,1
"102104020313","179be7cbf9884e01833685dd902c2f22",4,,,
"102104020313","179be7cbf9884e01833685dd902c2f22",2,,,
"102104020313","179be7cbf9884e01833685dd902c2f22",6,,,
"102104020313","179be7cbf9884e01833685dd902c2f22",5,,,
"102104020313","179be7cbf9884e01833685dd902c2f22",1,,,
"102104020313","179be7cbf9884e01833685dd902c2f22",9,,,
"102104020313","179be7cbf9884e01833685dd902c2f22",7,,,
"102104020313","179be7cbf9884e01833685dd902c2f22",3,,,
"102104020313","179be7cbf9884e01833685dd902c2f22",8,,,
"113604010110","17ad285d62d7499fa34b4a79740f73fd",5,2,0,2
"113604010110","17ad285d62d7499fa34b4a79740f73fd",1,1,0,1
"113604010110","17ad285d62d7499fa34b4a79740f73fd",9,3,0,1
"221109050505","18cad48cbad4438ab7b9524abfdc566e",3,1,0,1
"123110030105","19e17412e1bb4367904771f4b7d723b1",5,1,0,2
"123110030105","19e17412e1bb4367904771f4b7d723b1",3,3,0,1
"123110030105","19e17412e1bb4367904771f4b7d723b1",1,2,0,1
"307108020605","1a7113db20214db7abccd7c463c86c4c",3,1,0,1
"226105051005","1abf78b9247749bf82b6875f5fa2caac",4,1,2,1
"415115040706","1b8cc2c217144817bece19f488026244",4,1,2,1
"415115040706","1b8cc2c217144817bece19f488026244",5,2,0,2
"310102021618","1d1c39bd455d40e7adb33093f06cefb2",4,1,0,1
"208202080102","1eb5ffb1eeb14468bc6eb36b5bb54ef5",3,2,0,1
"208202080102","1eb5ffb1eeb14468bc6eb36b5bb54ef5",5,3,0,2
"208202080102","1eb5ffb1eeb14468bc6eb36b5bb54ef5",1,1,0,1
"323104030201","1f82d12a97c547288165584527f40a15",6,2,0.5,1
"323104030201","1f82d12a97c547288165584527f40a15",1,1,0,1
"303201020510","1f9751e8115d473c98fdd74d60bf3cfe",4,,,
"303201020510","1f9751e8115d473c98fdd74d60bf3cfe",9,,,
"303201020510","1f9751e8115d473c98fdd74d60bf3cfe",8,,,
"303201020510","1f9751e8115d473c98fdd74d60bf3cfe",2,,,
"303201020510","1f9751e8115d473c98fdd74d60bf3cfe",1,,,
"303201020510","1f9751e8115d473c98fdd74d60bf3cfe",3,,,
"303201020510","1f9751e8115d473c98fdd74d60bf3cfe",6,,,
"303201020510","1f9751e8115d473c98fdd74d60bf3cfe",5,,,
"303201020510","1f9751e8115d473c98fdd74d60bf3cfe",7,,,
"411403030809","20b3dc70a2ef47ffab2bc7cf0cfde6b0",9,,,
"411403030809","20b3dc70a2ef47ffab2bc7cf0cfde6b0",8,,,
"411403030809","20b3dc70a2ef47ffab2bc7cf0cfde6b0",2,,,
"411403030809","20b3dc70a2ef47ffab2bc7cf0cfde6b0",6,,,
"411403030809","20b3dc70a2ef47ffab2bc7cf0cfde6b0",4,,,
"411403030809","20b3dc70a2ef47ffab2bc7cf0cfde6b0",5,,,
"411403030809","20b3dc70a2ef47ffab2bc7cf0cfde6b0",1,,,
"411403030809","20b3dc70a2ef47ffab2bc7cf0cfde6b0",3,,,
"411403030809","20b3dc70a2ef47ffab2bc7cf0cfde6b0",7,,,
"107305070203","22079ff2853f489cae51dabb6c99470d",4,1,0.5,1
"403201020515","22305ac5a3e1460c98eca90206d5b6bc",6,,,
"403201020515","22305ac5a3e1460c98eca90206d5b6bc",5,,,
"403201020515","22305ac5a3e1460c98eca90206d5b6bc",4,,,
"403201020515","22305ac5a3e1460c98eca90206d5b6bc",9,,,
"403201020515","22305ac5a3e1460c98eca90206d5b6bc",3,,,
"403201020515","22305ac5a3e1460c98eca90206d5b6bc",1,,,
"403201020515","22305ac5a3e1460c98eca90206d5b6bc",8,,,
"403201020515","22305ac5a3e1460c98eca90206d5b6bc",7,,,
"403201020515","22305ac5a3e1460c98eca90206d5b6bc",2,,,
"102105010613","2298e1b9396042d282a34faa2bbeac2d",1,1,0,1
"102105010613","2298e1b9396042d282a34faa2bbeac2d",5,2,0,2
"215115020203","23f6bb268b504e58856725154c372561",5,1,0,2
"215115020203","23f6bb268b504e58856725154c372561",6,2,0.5,1
"230105040506","24dff56428de471c8f2d55dc2ad1600a",2,,,
"230105040506","24dff56428de471c8f2d55dc2ad1600a",4,,,
"230105040506","24dff56428de471c8f2d55dc2ad1600a",5,,,
"230105040506","24dff56428de471c8f2d55dc2ad1600a",3,,,
"230105040506","24dff56428de471c8f2d55dc2ad1600a",1,,,
"230105040506","24dff56428de471c8f2d55dc2ad1600a",6,,,
"230105040506","24dff56428de471c8f2d55dc2ad1600a",9,,,
"230105040506","24dff56428de471c8f2d55dc2ad1600a",8,,,
"230105040506","24dff56428de471c8f2d55dc2ad1600a",7,,,
"102101080210","2687e3cb2fe0474abeda57d9a8c8ad32",9,,,
"102101080210","2687e3cb2fe0474abeda57d9a8c8ad32",3,,,
"102101080210","2687e3cb2fe0474abeda57d9a8c8ad32",8,,,
"102101080210","2687e3cb2fe0474abeda57d9a8c8ad32",1,,,
"102101080210","2687e3cb2fe0474abeda57d9a8c8ad32",4,,,
"102101080210","2687e3cb2fe0474abeda57d9a8c8ad32",7,,,
"102101080210","2687e3cb2fe0474abeda57d9a8c8ad32",6,,,
"102101080210","2687e3cb2fe0474abeda57d9a8c8ad32",5,,,
"102101080210","2687e3cb2fe0474abeda57d9a8c8ad32",2,,,
"216202030604","26be7462ce5e43d3b0b9cfdda3680cda",4,1,0.4,1
"404102030405","26eef9075b7349a0b4525e9ba09468a2",1,1,0,2
"404102030405","26eef9075b7349a0b4525e9ba09468a2",7,2,0.8,1
"409101040104","26f0c6653b8b4c1bad87410d14d90552",8,,,
"409101040104","26f0c6653b8b4c1bad87410d14d90552",2,,,
"409101040104","26f0c6653b8b4c1bad87410d14d90552",1,,,
"409101040104","26f0c6653b8b4c1bad87410d14d90552",4,,,
"409101040104","26f0c6653b8b4c1bad87410d14d90552",5,,,
"409101040104","26f0c6653b8b4c1bad87410d14d90552",6,,,
"409101040104","26f0c6653b8b4c1bad87410d14d90552",9,,,
"409101040104","26f0c6653b8b4c1bad87410d14d90552",7,,,
"409101040104","26f0c6653b8b4c1bad87410d14d90552",3,,,
"119104030404","293ecee7a80a482c9e10d861a7ee9c7c",5,1,0,2
"119104030404","293ecee7a80a482c9e10d861a7ee9c7c",9,2,0,1
"422107010808","29cc9b2639524c459e1b9c4f9837262e",5,1,0,2
"422107010808","29cc9b2639524c459e1b9c4f9837262e",7,2,0.5,1
"117302030901","2b8544e9cb7347bdb22735d3564fdf4e",3,,,
"117302030901","2b8544e9cb7347bdb22735d3564fdf4e",5,,,
"117302030901","2b8544e9cb7347bdb22735d3564fdf4e",8,,,
"117302030901","2b8544e9cb7347bdb22735d3564fdf4e",9,,,
"117302030901","2b8544e9cb7347bdb22735d3564fdf4e",4,,,
"117302030901","2b8544e9cb7347bdb22735d3564fdf4e",2,,,
"117302030901","2b8544e9cb7347bdb22735d3564fdf4e",1,,,
"117302030901","2b8544e9cb7347bdb22735d3564fdf4e",6,,,
"117302030901","2b8544e9cb7347bdb22735d3564fdf4e",7,,,
"102105130528","2bc65237da7d4f7995d38281b77b1e4b",1,1,0,1
"102105100433","2bea2c4985dd4f418a8c387b21ac7fbb",1,1,0,1
"102101040201","2c2b89bb4ed247988f21f5d27d2b69ff",8,,,
"102101040201","2c2b89bb4ed247988f21f5d27d2b69ff",5,,,
"102101040201","2c2b89bb4ed247988f21f5d27d2b69ff",1,,,
"102101040201","2c2b89bb4ed247988f21f5d27d2b69ff",7,,,
"102101040201","2c2b89bb4ed247988f21f5d27d2b69ff",9,,,
"102101040201","2c2b89bb4ed247988f21f5d27d2b69ff",2,,,
"102101040201","2c2b89bb4ed247988f21f5d27d2b69ff",3,,,
"102101040201","2c2b89bb4ed247988f21f5d27d2b69ff",4,,,
"102101040201","2c2b89bb4ed247988f21f5d27d2b69ff",6,,,
"107202060102","2c4950efbc4f485ca7901eed4a944579",5,1,0,2
"107202060102","2c4950efbc4f485ca7901eed4a944579",7,2,1,2
"205107030213","2c5000cc7fa54db897421cefd55bae85",4,1,0.5,1
"330107010101","2c7dff734efc4ccb991e6cba613ab077",6,3,0.7,1
"330107010101","2c7dff734efc4ccb991e6cba613ab077",1,1,0,1
"330107010101","2c7dff734efc4ccb991e6cba613ab077",5,2,0,2
"303404010207","2c8f787219df44ad88f08faf238da056",4,1,0.2,1
"417103010710","2d21136097a4458a990cfe6f52865418",1,1,0,1
"417103010710","2d21136097a4458a990cfe6f52865418",7,2,0.4,96
"124101050211","2f0258e282264dd6be94505229e6d055",5,1,0,1
"124101050211","2f0258e282264dd6be94505229e6d055",3,2,0,2
"102102080506","2f3dadda9c4d49b89b8f3d25ecf05ddc",5,2,0,2
"102102080506","2f3dadda9c4d49b89b8f3d25ecf05ddc",1,1,0,1
"106101090206","303f41c72565478cbb227a5e342ebc3e",4,2,0.3,1
"106101090206","303f41c72565478cbb227a5e342ebc3e",5,1,0,2
"320102040601","30b9d5e1f9fe43dd8a86e6563a69e79a",6,2,1,1
"320102040601","30b9d5e1f9fe43dd8a86e6563a69e79a",1,1,0,1
"405302030405","30fa92d582c34ffb8cd59644c7cc475f",1,1,0,1
"318116050101","312a435313e24061969eab79d4d65731",4,1,3,1
"110207040309","31a3f66b54524494a74c267e31e91d05",5,1,0,2
"110207040309","31a3f66b54524494a74c267e31e91d05",7,2,3,1
"218115040101","32bb43e6ccef425296ce50b454dcdcf2",7,3,0,1
"218115040101","32bb43e6ccef425296ce50b454dcdcf2",6,2,0.8,1
"218115040101","32bb43e6ccef425296ce50b454dcdcf2",5,1,0,2
"201206020507","333db34cb0974453b19b4d13bf2506ac",1,,,
"201206020507","333db34cb0974453b19b4d13bf2506ac",3,,,
"201206020507","333db34cb0974453b19b4d13bf2506ac",8,,,
"201206020507","333db34cb0974453b19b4d13bf2506ac",6,,,
"201206020507","333db34cb0974453b19b4d13bf2506ac",4,,,
"201206020507","333db34cb0974453b19b4d13bf2506ac",7,,,
"201206020507","333db34cb0974453b19b4d13bf2506ac",9,,,
"201206020507","333db34cb0974453b19b4d13bf2506ac",5,,,
"201206020507","333db34cb0974453b19b4d13bf2506ac",2,,,
"115103020402","34533291de9b4e30a46add0d31cb8f27",5,2,0,2
"115103020402","34533291de9b4e30a46add0d31cb8f27",1,1,1,1
"115103020402","34533291de9b4e30a46add0d31cb8f27",6,3,1,1
"226101010214","349edf6fc6cb49ddb9bfeb044f66c642",2,1,0.7,1
"302201050803","34efbcdf896549f7b8f690de4d3ebdf7",3,1,0,1
"302201050803","34efbcdf896549f7b8f690de4d3ebdf7",5,2,0,2
"409301030405","362ff1525f0b427ebc84612761e41586",8,,,
"409301030405","362ff1525f0b427ebc84612761e41586",3,,,
"409301030405","362ff1525f0b427ebc84612761e41586",7,,,
"409301030405","362ff1525f0b427ebc84612761e41586",2,,,
"409301030405","362ff1525f0b427ebc84612761e41586",6,,,
"409301030405","362ff1525f0b427ebc84612761e41586",5,,,
"409301030405","362ff1525f0b427ebc84612761e41586",4,,,
"409301030405","362ff1525f0b427ebc84612761e41586",1,,,
"409301030405","362ff1525f0b427ebc84612761e41586",9,,,
"302101021503","369a2e686b0641f08735d83c69d92007",9,2,0.2,1
"302101021503","369a2e686b0641f08735d83c69d92007",4,3,0.1,1
"302101021503","369a2e686b0641f08735d83c69d92007",3,1,0.1,1
"311202010102","37c7d386630e44f0b224b90b5746a370",4,2,2,1
"311202010102","37c7d386630e44f0b224b90b5746a370",5,1,0,2
"321107061709","391f45ad2d3548e1a27bd7652fb6719f",3,1,0,1
"321107061709","391f45ad2d3548e1a27bd7652fb6719f",1,2,0,1
"113406060107","39627200a32c4626bb07b5c5e5a292e7",1,1,0,1
"113406060107","39627200a32c4626bb07b5c5e5a292e7",3,2,0,1
"113406060107","39627200a32c4626bb07b5c5e5a292e7",5,3,0,2
"230105010304","39e38a8716404f4f8588e28c28dbc0d7",4,1,0.5,1
"230105010304","39e38a8716404f4f8588e28c28dbc0d7",5,2,0,2
"302205050202","3a542ba2ee9a46dcb7835e47f9c7612c",1,2,0,1
"302205050202","3a542ba2ee9a46dcb7835e47f9c7612c",3,1,0,1
"404207040904","3ac09195350c451580bdcc430347f62d",1,1,0,2
"404207040904","3ac09195350c451580bdcc430347f62d",6,3,0.3,1
"404207040904","3ac09195350c451580bdcc430347f62d",5,2,0,2
"329106020616","3b3c7af2481243f894a3a0b95ecb924a",3,1,0,1
"325103060210","3ce08aeb981a41a5bc347d2a41198d4c",6,1,2,1
"211105030205","3cf0a1fa46ae46828806f8595135cb16",3,1,0,1
"211105030205","3cf0a1fa46ae46828806f8595135cb16",5,2,0,2
"204302051318","3d61703566614f43b422c80f897bc1e4",5,2,0,2
"204302051318","3d61703566614f43b422c80f897bc1e4",4,1,0.2,1
"223108100606","3f41cdc7f4484a90894f7afe2a53b89b",5,3,0,2
"223108100606","3f41cdc7f4484a90894f7afe2a53b89b",6,2,3.5,1
"223108100606","3f41cdc7f4484a90894f7afe2a53b89b",4,1,0.6,1
"104104030820","40927a9f8da44e0980c45b12154cbe6e",6,,,
"104104030820","40927a9f8da44e0980c45b12154cbe6e",5,,,
"104104030820","40927a9f8da44e0980c45b12154cbe6e",4,,,
"104104030820","40927a9f8da44e0980c45b12154cbe6e",9,,,
"104104030820","40927a9f8da44e0980c45b12154cbe6e",2,,,
"104104030820","40927a9f8da44e0980c45b12154cbe6e",7,,,
"104104030820","40927a9f8da44e0980c45b12154cbe6e",1,,,
"104104030820","40927a9f8da44e0980c45b12154cbe6e",8,,,
"104104030820","40927a9f8da44e0980c45b12154cbe6e",3,,,
"303405071314","41d507da42f24faaa7e7d79bf789ee25",7,2,1,1
"303405071314","41d507da42f24faaa7e7d79bf789ee25",3,1,0,1
"203301010111","44c8e8b546fa4e92b4e149105804a139",8,,,
"203301010111","44c8e8b546fa4e92b4e149105804a139",3,,,
"203301010111","44c8e8b546fa4e92b4e149105804a139",7,,,
"203301010111","44c8e8b546fa4e92b4e149105804a139",6,,,
"203301010111","44c8e8b546fa4e92b4e149105804a139",1,,,
"203301010111","44c8e8b546fa4e92b4e149105804a139",4,,,
"203301010111","44c8e8b546fa4e92b4e149105804a139",5,,,
"203301010111","44c8e8b546fa4e92b4e149105804a139",2,,,
"203301010111","44c8e8b546fa4e92b4e149105804a139",9,,,
"202205030602","4582b29c263744c49916b533238ce553",4,1,2.1,1
"229104021009","45e2495043be477d9602ba8645c8bf4a",3,,,
"229104021009","45e2495043be477d9602ba8645c8bf4a",9,,,
"229104021009","45e2495043be477d9602ba8645c8bf4a",7,,,
"229104021009","45e2495043be477d9602ba8645c8bf4a",5,,,
"229104021009","45e2495043be477d9602ba8645c8bf4a",4,,,
"229104021009","45e2495043be477d9602ba8645c8bf4a",8,,,
"229104021009","45e2495043be477d9602ba8645c8bf4a",1,,,
"229104021009","45e2495043be477d9602ba8645c8bf4a",2,,,
"229104021009","45e2495043be477d9602ba8645c8bf4a",6,,,
"411302020404","468987393fd44482ae5a32350511eae9",7,1,2,1
"412201070408","46bc8364e56f4e2ab24e7cb582ffa6f5",7,1,0.8,1
"405203030403","481f3d44d4074b55b71c4bd5c9624349",9,2,0.5,1
"405203030403","481f3d44d4074b55b71c4bd5c9624349",5,1,0,2
"124101050312","49123f99dd9b4867a7ae5242708194e8",7,,,
"124101050312","49123f99dd9b4867a7ae5242708194e8",3,,,
"124101050312","49123f99dd9b4867a7ae5242708194e8",2,,,
"124101050312","49123f99dd9b4867a7ae5242708194e8",1,,,
"124101050312","49123f99dd9b4867a7ae5242708194e8",8,,,
"124101050312","49123f99dd9b4867a7ae5242708194e8",5,,,
"124101050312","49123f99dd9b4867a7ae5242708194e8",6,,,
"124101050312","49123f99dd9b4867a7ae5242708194e8",4,,,
"124101050312","49123f99dd9b4867a7ae5242708194e8",9,,,
"317107051210","4936d20fd0be487bb99a45cce8212c35",3,1,0,1
"317107051210","4936d20fd0be487bb99a45cce8212c35",6,2,1.5,1
"104208040401","49d2684cbd464eefb0be494729d22b00",1,2,0,1
"104208040401","49d2684cbd464eefb0be494729d22b00",3,1,0,1
"104208040401","49d2684cbd464eefb0be494729d22b00",5,3,0,2
"102103041252","4af38353df164c5899db4e345313f601",2,,,
"102103041252","4af38353df164c5899db4e345313f601",6,,,
"102103041252","4af38353df164c5899db4e345313f601",5,,,
"102103041252","4af38353df164c5899db4e345313f601",8,,,
"102103041252","4af38353df164c5899db4e345313f601",3,,,
"102103041252","4af38353df164c5899db4e345313f601",7,,,
"102103041252","4af38353df164c5899db4e345313f601",1,,,
"102103041252","4af38353df164c5899db4e345313f601",9,,,
"102103041252","4af38353df164c5899db4e345313f601",4,,,
"102102020513","4b07af9a7bac48378ebe933289a62249",8,,,
"102102020513","4b07af9a7bac48378ebe933289a62249",9,,,
"102102020513","4b07af9a7bac48378ebe933289a62249",6,,,
"102102020513","4b07af9a7bac48378ebe933289a62249",4,,,
"102102020513","4b07af9a7bac48378ebe933289a62249",5,,,
"102102020513","4b07af9a7bac48378ebe933289a62249",2,,,
"102102020513","4b07af9a7bac48378ebe933289a62249",3,,,
"102102020513","4b07af9a7bac48378ebe933289a62249",7,,,
"102102020513","4b07af9a7bac48378ebe933289a62249",1,,,
"306203010305","4b14fdfdc4154af5a1bcb1b438adbdae",5,2,0,2
"306203010305","4b14fdfdc4154af5a1bcb1b438adbdae",4,1,1,1
"201203010310","4dd40973252a4df3b81cc3878d136268",4,1,0.6,1
"212305020404","4e6fd738620241a78230c9437484db77",6,2,1.5,1
"212305020404","4e6fd738620241a78230c9437484db77",3,1,0,1
"110305010603","50a0e9476f3f4947b4d66dd8a705c802",5,2,0,2
"110305010603","50a0e9476f3f4947b4d66dd8a705c802",3,1,0,1
"317103020201","51986b54676d4e3085ac48d351aad29f",3,1,0,1
"317103020201","51986b54676d4e3085ac48d351aad29f",6,2,2,1
"417201010905","527a88628b1c4245adb71c4662a1af4e",9,,,
"417201010905","527a88628b1c4245adb71c4662a1af4e",5,,,
"417201010905","527a88628b1c4245adb71c4662a1af4e",2,,,
"417201010905","527a88628b1c4245adb71c4662a1af4e",4,,,
"417201010905","527a88628b1c4245adb71c4662a1af4e",6,,,
"417201010905","527a88628b1c4245adb71c4662a1af4e",7,,,
"417201010905","527a88628b1c4245adb71c4662a1af4e",8,,,
"417201010905","527a88628b1c4245adb71c4662a1af4e",3,,,
"417201010905","527a88628b1c4245adb71c4662a1af4e",1,,,
"403101020501","5300060198c04c3485bf13651c7b82d3",8,,,
"403101020501","5300060198c04c3485bf13651c7b82d3",1,,,
"403101020501","5300060198c04c3485bf13651c7b82d3",4,,,
"403101020501","5300060198c04c3485bf13651c7b82d3",3,,,
"403101020501","5300060198c04c3485bf13651c7b82d3",9,,,
"403101020501","5300060198c04c3485bf13651c7b82d3",2,,,
"403101020501","5300060198c04c3485bf13651c7b82d3",5,,,
"403101020501","5300060198c04c3485bf13651c7b82d3",6,,,
"403101020501","5300060198c04c3485bf13651c7b82d3",7,,,
"116102050101","53fa8063d7db4987a04f9cae08506685",6,2,1.2,1
"116102050101","53fa8063d7db4987a04f9cae08506685",4,1,1,1
"230109050511","54d04063673a4a7ab972f1199ab4e1ff",4,1,0.1,1
"230109050511","54d04063673a4a7ab972f1199ab4e1ff",7,2,0.1,1
"115303050716","559f5482d2fa4c78972662ac4ceb915d",4,2,0.5,1
"115303050716","559f5482d2fa4c78972662ac4ceb915d",5,1,0,2
"418104030103","55b84b9565e64200bcc7eaa60d8418c4",7,2,1.5,1
"418104030103","55b84b9565e64200bcc7eaa60d8418c4",5,1,0,2
"303405070316","56225232b3034646ba8e9436724fa544",2,,,
"303405070316","56225232b3034646ba8e9436724fa544",7,,,
"303405070316","56225232b3034646ba8e9436724fa544",9,,,
"303405070316","56225232b3034646ba8e9436724fa544",4,,,
"303405070316","56225232b3034646ba8e9436724fa544",1,,,
"303405070316","56225232b3034646ba8e9436724fa544",5,,,
"303405070316","56225232b3034646ba8e9436724fa544",8,,,
"303405070316","56225232b3034646ba8e9436724fa544",6,,,
"303405070316","56225232b3034646ba8e9436724fa544",3,,,
"323106040915","57061e3264f84996a2ba50e00b820c3d",5,2,0,2
"323106040915","57061e3264f84996a2ba50e00b820c3d",4,1,2,1
"419204020202","58cf916082f84b129b54810c4162440b",3,,,
"419204020202","58cf916082f84b129b54810c4162440b",2,,,
"419204020202","58cf916082f84b129b54810c4162440b",5,,,
"419204020202","58cf916082f84b129b54810c4162440b",8,,,
"419204020202","58cf916082f84b129b54810c4162440b",6,,,
"419204020202","58cf916082f84b129b54810c4162440b",1,,,
"419204020202","58cf916082f84b129b54810c4162440b",7,,,
"419204020202","58cf916082f84b129b54810c4162440b",9,,,
"419204020202","58cf916082f84b129b54810c4162440b",4,,,
"414116010603","58d95fc307344244a2c14cfc7eea34f1",1,1,0,1
"102103050203","59accfcda4d542a2bc8fa95683519618",5,,,
"102103050203","59accfcda4d542a2bc8fa95683519618",8,,,
"102103050203","59accfcda4d542a2bc8fa95683519618",9,,,
"102103050203","59accfcda4d542a2bc8fa95683519618",6,,,
"102103050203","59accfcda4d542a2bc8fa95683519618",2,,,
"102103050203","59accfcda4d542a2bc8fa95683519618",3,,,
"102103050203","59accfcda4d542a2bc8fa95683519618",1,,,
"102103050203","59accfcda4d542a2bc8fa95683519618",7,,,
"102103050203","59accfcda4d542a2bc8fa95683519618",4,,,
"205101020309","5a30e64718014fc9811f7bd9dfe1c1d2",9,,,
"205101020309","5a30e64718014fc9811f7bd9dfe1c1d2",8,,,
"205101020309","5a30e64718014fc9811f7bd9dfe1c1d2",7,,,
"205101020309","5a30e64718014fc9811f7bd9dfe1c1d2",6,,,
"205101020309","5a30e64718014fc9811f7bd9dfe1c1d2",2,,,
"205101020309","5a30e64718014fc9811f7bd9dfe1c1d2",5,,,
"205101020309","5a30e64718014fc9811f7bd9dfe1c1d2",1,,,
"205101020309","5a30e64718014fc9811f7bd9dfe1c1d2",3,,,
"205101020309","5a30e64718014fc9811f7bd9dfe1c1d2",4,,,
"215109020818","5b2bb8ba8da5434697e179c32987259f",9,2,1,1
"215109020818","5b2bb8ba8da5434697e179c32987259f",6,1,1.5,1
"112204030107","5b3c6ba74736462184fa8b7243f7bb77",1,,,
"112204030107","5b3c6ba74736462184fa8b7243f7bb77",3,,,
"112204030107","5b3c6ba74736462184fa8b7243f7bb77",6,,,
"112204030107","5b3c6ba74736462184fa8b7243f7bb77",2,,,
"112204030107","5b3c6ba74736462184fa8b7243f7bb77",5,,,
"112204030107","5b3c6ba74736462184fa8b7243f7bb77",7,,,
"112204030107","5b3c6ba74736462184fa8b7243f7bb77",9,,,
"112204030107","5b3c6ba74736462184fa8b7243f7bb77",4,,,
"112204030107","5b3c6ba74736462184fa8b7243f7bb77",8,,,
"409203050902","5c104965b50542969565c120c3357a43",3,1,0,1
"319107020203","5c166c1642f340b8ba41cf7b91388623",3,1,0.1,1
"319107020203","5c166c1642f340b8ba41cf7b91388623",6,2,0.2,1
"214108010504","5ed8795ec990433f86ac9edf56960494",1,,,
"214108010504","5ed8795ec990433f86ac9edf56960494",2,,,
"214108010504","5ed8795ec990433f86ac9edf56960494",7,,,
"214108010504","5ed8795ec990433f86ac9edf56960494",9,,,
"214108010504","5ed8795ec990433f86ac9edf56960494",4,,,
"214108010504","5ed8795ec990433f86ac9edf56960494",3,,,
"214108010504","5ed8795ec990433f86ac9edf56960494",5,,,
"214108010504","5ed8795ec990433f86ac9edf56960494",8,,,
"214108010504","5ed8795ec990433f86ac9edf56960494",6,,,
"115104030401","5f625ed846014f17a798653d56908b5a",6,1,0.5,2
"303503041111","5f9671150b6c4d8d8f955faff27f799c",9,,,
"303503041111","5f9671150b6c4d8d8f955faff27f799c",1,,,
"303503041111","5f9671150b6c4d8d8f955faff27f799c",5,,,
"303503041111","5f9671150b6c4d8d8f955faff27f799c",6,,,
"303503041111","5f9671150b6c4d8d8f955faff27f799c",2,,,
"303503041111","5f9671150b6c4d8d8f955faff27f799c",7,,,
"303503041111","5f9671150b6c4d8d8f955faff27f799c",3,,,
"303503041111","5f9671150b6c4d8d8f955faff27f799c",8,,,
"303503041111","5f9671150b6c4d8d8f955faff27f799c",4,,,
"204301010302","5f9c806271044865a1c49ca22b9b1289",4,2,0.2,1
"204301010302","5f9c806271044865a1c49ca22b9b1289",1,1,0,1
"302303070505","5fd0f31f330a49a79109ca76f86e31f4",1,2,0,1
"302303070505","5fd0f31f330a49a79109ca76f86e31f4",3,1,0,1
"110203060109","608bfd2bd5f84124be9fc9833b1caaac",5,1,0,2
"110203060109","608bfd2bd5f84124be9fc9833b1caaac",7,2,1.5,2
"405104020509","61dc08d3c51a46b88c52bb99d71911c2",5,2,0,2
"405104020509","61dc08d3c51a46b88c52bb99d71911c2",7,1,4,1
"212105040709","61e4b68c15e0457c9f6f2ff9180e9e7c",3,1,0,1
"212105040709","61e4b68c15e0457c9f6f2ff9180e9e7c",9,3,0.4,1
"212105040709","61e4b68c15e0457c9f6f2ff9180e9e7c",6,2,1.5,1
"115206030602","62af21468f5b4edb904b87aa88566ce0",1,1,0,1
"115206030602","62af21468f5b4edb904b87aa88566ce0",5,2,0,2
"211107030208","62f01c4bc6cf48c78a15d668e8e295ed",3,1,0,1
"417109040205","63ef3bf75fef4be68830b107eef9b96e",3,,,
"417109040205","63ef3bf75fef4be68830b107eef9b96e",9,,,
"417109040205","63ef3bf75fef4be68830b107eef9b96e",4,,,
"417109040205","63ef3bf75fef4be68830b107eef9b96e",8,,,
"417109040205","63ef3bf75fef4be68830b107eef9b96e",7,,,
"417109040205","63ef3bf75fef4be68830b107eef9b96e",2,,,
"417109040205","63ef3bf75fef4be68830b107eef9b96e",5,,,
"417109040205","63ef3bf75fef4be68830b107eef9b96e",1,,,
"417109040205","63ef3bf75fef4be68830b107eef9b96e",6,,,
"226102050810","645e8f52e0284da1af7439cac3420432",4,1,1.4,1
"412103070506","652892d80eef4dc886ac0f02c5e3747c",5,1,0,2
"412103070506","652892d80eef4dc886ac0f02c5e3747c",6,2,1,1
"423110010602","6576b15a95a04314b4f24e9060ca7bcb",5,1,0,2
"214102020611","6596c2921b4f49fcb7fa17cfa9d0786a",4,2,0.2,1
"214102020611","6596c2921b4f49fcb7fa17cfa9d0786a",7,1,0.1,1
"222111021102","65e342045671412cbeb3d4ecbb507b80",4,1,0.6,1
"108301010115","663e019dae8f42e4aa5daaedc81619c0",3,1,0,1
"320108080103","664e98a3af9c4657a4af8f3dfb526818",4,1,0.2,1
"320108080103","664e98a3af9c4657a4af8f3dfb526818",6,3,2,1
"320108080103","664e98a3af9c4657a4af8f3dfb526818",5,2,0,2
"104105040311","67ac1b9b59384c0caead6c62332352cd",4,2,0.2,1
"104105040311","67ac1b9b59384c0caead6c62332352cd",1,1,0,1
"306201010103","67d77e0fbf754e25affd8ba11aa608d4",1,1,0,1
"306201010103","67d77e0fbf754e25affd8ba11aa608d4",3,2,0.4,1
"215120020808","68984e8f107b4fcfbc983a0691df01bd",4,3,1,1
"215120020808","68984e8f107b4fcfbc983a0691df01bd",1,1,0,1
"215120020808","68984e8f107b4fcfbc983a0691df01bd",3,2,0,1
"112104021001","68b87f690c5e4d41b26440d4af920eff",5,,,
"112104021001","68b87f690c5e4d41b26440d4af920eff",1,,,
"112104021001","68b87f690c5e4d41b26440d4af920eff",2,,,
"112104021001","68b87f690c5e4d41b26440d4af920eff",6,,,
"112104021001","68b87f690c5e4d41b26440d4af920eff",7,,,
"112104021001","68b87f690c5e4d41b26440d4af920eff",8,,,
"112104021001","68b87f690c5e4d41b26440d4af920eff",4,,,
"112104021001","68b87f690c5e4d41b26440d4af920eff",3,,,
"112104021001","68b87f690c5e4d41b26440d4af920eff",9,,,
"203202030310","69fdbce170a34999b98ced8ce8ccb437",7,,,
"203202030310","69fdbce170a34999b98ced8ce8ccb437",2,,,
"203202030310","69fdbce170a34999b98ced8ce8ccb437",8,,,
"203202030310","69fdbce170a34999b98ced8ce8ccb437",9,,,
"203202030310","69fdbce170a34999b98ced8ce8ccb437",5,,,
"203202030310","69fdbce170a34999b98ced8ce8ccb437",3,,,
"203202030310","69fdbce170a34999b98ced8ce8ccb437",6,,,
"203202030310","69fdbce170a34999b98ced8ce8ccb437",1,,,
"203202030310","69fdbce170a34999b98ced8ce8ccb437",4,,,
"406210060603","6aac54099d5446c99029c48d21edbab1",8,1,0,96
"418201020305","6be18dc7379a4d86ac204d6d08b614b7",7,2,0.5,1
"418201020305","6be18dc7379a4d86ac204d6d08b614b7",5,1,0,2
"306204010301","6cb2e1bf1182402dbb626c64f4ba2cfb",4,1,0.5,1
"318102020202","6d561d7e1bb34b0480b61373102428fd",5,2,0,2
"318102020202","6d561d7e1bb34b0480b61373102428fd",1,1,0.1,1
"411402020404","6d6546ea45a24ccf8284463ab31b6654",1,1,0,1
"223120020410","6e7a08685b68404b86a3cfd6815d3824",1,1,0,1
"223120020410","6e7a08685b68404b86a3cfd6815d3824",5,3,0,2
"223120020410","6e7a08685b68404b86a3cfd6815d3824",4,2,0.3,1
"214101060404","6ec8cecb648e4b6c974f20a8722affe1",3,1,0,1
"214101060404","6ec8cecb648e4b6c974f20a8722affe1",5,2,0,2
"103107020109","6fb3d5bdcb87496da47243e3711c1dc0",6,2,1.5,1
"103107020109","6fb3d5bdcb87496da47243e3711c1dc0",5,1,0,2
"403301030215","712dd05dfdf54bc4ab5eb46fc55e1e5a",3,,,
"403301030215","712dd05dfdf54bc4ab5eb46fc55e1e5a",5,,,
"403301030215","712dd05dfdf54bc4ab5eb46fc55e1e5a",4,,,
"403301030215","712dd05dfdf54bc4ab5eb46fc55e1e5a",9,,,
"403301030215","712dd05dfdf54bc4ab5eb46fc55e1e5a",2,,,
"403301030215","712dd05dfdf54bc4ab5eb46fc55e1e5a",1,,,
"403301030215","712dd05dfdf54bc4ab5eb46fc55e1e5a",8,,,
"403301030215","712dd05dfdf54bc4ab5eb46fc55e1e5a",7,,,
"403301030215","712dd05dfdf54bc4ab5eb46fc55e1e5a",6,,,
"113113020418","73b6584e55df47ef8692caed8625a956",5,2,0,2
"113113020418","73b6584e55df47ef8692caed8625a956",1,1,0,1
"111202061528","73edb914e5ec4a6c937147490826972f",5,1,0,2
"111202061528","73edb914e5ec4a6c937147490826972f",7,2,3,2
"102103120844","74879a9428874965ae87feacedc0f2b4",1,1,0,1
"314105010202","75df2b5c7d6b49258b3614c8243de9b7",4,2,0.4,1
"314105010202","75df2b5c7d6b49258b3614c8243de9b7",3,1,0.1,1
"225103041522","76a347dba3c945d9a2e4aae06a3c0037",6,1,2,1
"412203040507","77b63a2a3a58466ca5b25c52c46907cb",1,1,0,2
"412203040507","77b63a2a3a58466ca5b25c52c46907cb",7,2,6,1
"106106060103","78b1f1144ce740d7ac6429052767b4a1",4,2,0.5,1
"106106060103","78b1f1144ce740d7ac6429052767b4a1",5,1,0,2
"315105030209","7934cfadf18a4020840735d003867847",3,1,0,1
"113113060242","7a92a755edec4d6bae64f894ad5bc2f0",5,1,0,2
"113113060242","7a92a755edec4d6bae64f894ad5bc2f0",6,2,0.3,1
"415105020404","7af284e10f4046009386ca7cc0df56d7",5,2,0,2
"415105020404","7af284e10f4046009386ca7cc0df56d7",1,1,0,1
"122105020311","7b71511069ca41d7952c83c3004520f3",1,2,0,1
"122105020311","7b71511069ca41d7952c83c3004520f3",3,1,0,1
"304204020110","7b91ac7196d446f7b7c4c92f86fbac42",5,2,0,2
"304204020110","7b91ac7196d446f7b7c4c92f86fbac42",3,1,0,1
"204301030308","7ceaac984dc44338a95f7d19824a5621",5,2,0,2
"204301030308","7ceaac984dc44338a95f7d19824a5621",3,1,0,1
"203202040303","7f25311583624b7487a569df466b24ac",5,,,
"203202040303","7f25311583624b7487a569df466b24ac",3,,,
"203202040303","7f25311583624b7487a569df466b24ac",1,,,
"203202040303","7f25311583624b7487a569df466b24ac",8,,,
"203202040303","7f25311583624b7487a569df466b24ac",4,,,
"203202040303","7f25311583624b7487a569df466b24ac",7,,,
"203202040303","7f25311583624b7487a569df466b24ac",2,,,
"203202040303","7f25311583624b7487a569df466b24ac",6,,,
"203202040303","7f25311583624b7487a569df466b24ac",9,,,
"407106021906","80c5e48699bc48b29bf11f38cdc04fc5",4,1,3,1
"112102030202","81def38cfed24edd80e47b293c3bc0b9",5,2,0,2
"112102030202","81def38cfed24edd80e47b293c3bc0b9",7,1,2,1
"306204020605","81f2300746cc4b068c95f765f2b403ba",5,2,0,2
"306204020605","81f2300746cc4b068c95f765f2b403ba",3,1,0.1,1
"410101040507","824efbe20846431fba549104887331e5",5,1,0,2
"410101040507","824efbe20846431fba549104887331e5",7,2,0.8,1
"102103050439","825a4d9c10674fb68ae9182bf65152ca",7,,,
"102103050439","825a4d9c10674fb68ae9182bf65152ca",9,,,
"102103050439","825a4d9c10674fb68ae9182bf65152ca",1,,,
"102103050439","825a4d9c10674fb68ae9182bf65152ca",4,,,
"102103050439","825a4d9c10674fb68ae9182bf65152ca",2,,,
"102103050439","825a4d9c10674fb68ae9182bf65152ca",8,,,
"102103050439","825a4d9c10674fb68ae9182bf65152ca",6,,,
"102103050439","825a4d9c10674fb68ae9182bf65152ca",3,,,
"102103050439","825a4d9c10674fb68ae9182bf65152ca",5,,,
"309104050403","82e2ee46332f4f5c854335056696f881",4,2,0.2,1
"309104050403","82e2ee46332f4f5c854335056696f881",7,3,0.2,1
"309104050403","82e2ee46332f4f5c854335056696f881",1,1,0,1
"324101011403","865a0a2dd0d442a6aeb227dbd3367b05",5,2,0,2
"324101011403","865a0a2dd0d442a6aeb227dbd3367b05",1,1,0.1,2
"117201050401","87d1a29404f24095af33c51ad6ddf04b",1,1,0,1
"318114020701","8b2193d437e64893a12f1635d1aae2bd",3,1,2.5,1
"318114020701","8b2193d437e64893a12f1635d1aae2bd",5,2,0,2
"211106070404","8c60b24c5d69459ab88587107842bf8a",3,1,0.3,1
"406212010207","8da56015c708420985ff1484fc7d3201",7,1,0.5,1
"102102060108","8ed0e75643204d23b4513def2c5cc970",1,1,0,1
"110206030911","8f69cfcd9bea4a2a9339fd61390606cf",6,,,
"110206030911","8f69cfcd9bea4a2a9339fd61390606cf",7,,,
"110206030911","8f69cfcd9bea4a2a9339fd61390606cf",2,,,
"110206030911","8f69cfcd9bea4a2a9339fd61390606cf",4,,,
"110206030911","8f69cfcd9bea4a2a9339fd61390606cf",1,,,
"110206030911","8f69cfcd9bea4a2a9339fd61390606cf",8,,,
"110206030911","8f69cfcd9bea4a2a9339fd61390606cf",5,,,
"110206030911","8f69cfcd9bea4a2a9339fd61390606cf",3,,,
"110206030911","8f69cfcd9bea4a2a9339fd61390606cf",9,,,
"105105020108","909b86e277fe480492fe605802d4b272",6,2,1,1
"105105020108","909b86e277fe480492fe605802d4b272",5,1,0,1
"125105010702","91e89e7118c041fba1ad3f88cbbfb499",7,2,2,1
"125105010702","91e89e7118c041fba1ad3f88cbbfb499",1,1,0,1
"226104040305","92722375ee7a4828bfbc6565b7a5e522",1,2,0,1
"226104040305","92722375ee7a4828bfbc6565b7a5e522",4,1,0.4,1
"226104040305","92722375ee7a4828bfbc6565b7a5e522",7,3,0.7,1
"311102010107","93268921598f4e95a6cbaa15387322f4",1,2,0,2
"311102010107","93268921598f4e95a6cbaa15387322f4",5,3,0,2
"311102010107","93268921598f4e95a6cbaa15387322f4",3,1,0,1
"303202060606","942d21651db14547a1a55d163147f3be",6,2,0.5,2
"303202060606","942d21651db14547a1a55d163147f3be",4,1,0.2,1
"422102010506","94a28a335ad8409da18694d554dc6a82",9,2,0,1
"422102010506","94a28a335ad8409da18694d554dc6a82",5,1,0,2
"224105051111","94ae3c15a2df427092546208e7da8501",9,,,
"224105051111","94ae3c15a2df427092546208e7da8501",6,,,
"224105051111","94ae3c15a2df427092546208e7da8501",8,,,
"224105051111","94ae3c15a2df427092546208e7da8501",3,,,
"224105051111","94ae3c15a2df427092546208e7da8501",7,,,
"224105051111","94ae3c15a2df427092546208e7da8501",2,,,
"224105051111","94ae3c15a2df427092546208e7da8501",4,,,
"224105051111","94ae3c15a2df427092546208e7da8501",5,,,
"224105051111","94ae3c15a2df427092546208e7da8501",1,,,
"210306040102","94d6a92de2aa41848c815b4f7ca810d6",6,1,1.5,1
"210306040102","94d6a92de2aa41848c815b4f7ca810d6",7,2,1.5,1
"410303060103","94e8fb8cab7846d5a723aa902f6d1e1e",6,1,0.3,1
"124104040103","977cf8b59c214cd6806539e994d0a6d9",1,1,0,1
"124104040103","977cf8b59c214cd6806539e994d0a6d9",6,2,1,1
"405211011114","9836e079cdd949e5afc70c7dcb3980c3",5,2,0,2
"405211011114","9836e079cdd949e5afc70c7dcb3980c3",7,1,0.5,1
"318103020406","987cf3a3f3f04a53b6295c44afed7cec",3,1,0,1
"318103020406","987cf3a3f3f04a53b6295c44afed7cec",7,3,0.4,2
"318103020406","987cf3a3f3f04a53b6295c44afed7cec",4,2,2,1
"312105020216","989fa310b63545678cb56e3f009ee547",3,1,0,1
"124103021620","98c92ebc81274b48a478e3f3bdecc8d9",5,1,0,2
"124103021620","98c92ebc81274b48a478e3f3bdecc8d9",7,2,2,1
"417202010210","98ff8b8f68354855b3a47628eb2e3b13",1,1,0,1
"113301050411","991ea35afb8c4a5a91bded275d3a43cb",6,3,1,1
"113301050411","991ea35afb8c4a5a91bded275d3a43cb",5,2,0,2
"113301050411","991ea35afb8c4a5a91bded275d3a43cb",1,1,0,1
"232203040502","9ae38f33171f4fb89797a28ed8c32b32",3,1,0.1,1
"102105040650","9b29a92d675346708b3ed22f07d63387",5,2,0,1
"102105040650","9b29a92d675346708b3ed22f07d63387",1,1,0,1
"111102010811","9c42c15316c04419af74c9404cb4c0f5",7,2,2,1
"111102010811","9c42c15316c04419af74c9404cb4c0f5",5,1,0,2
"214101040303","9c877a6abcc44e259474046f89edb89f",4,1,0.1,1
"102104190357","9ecbe56df9f249d3be5a6ba4df28dccc",1,1,0,1
"102104190357","9ecbe56df9f249d3be5a6ba4df28dccc",5,2,0,1
"327103030510","9ef24898f0e04e6f9f4c6561cca96f24",5,2,0,2
"327103030510","9ef24898f0e04e6f9f4c6561cca96f24",1,1,0,1
"327103030510","9ef24898f0e04e6f9f4c6561cca96f24",7,3,3,2
"214113010305","a03a17e845b8444b8e147d5e95b315f0",8,,,
"214113010305","a03a17e845b8444b8e147d5e95b315f0",2,,,
"214113010305","a03a17e845b8444b8e147d5e95b315f0",4,,,
"214113010305","a03a17e845b8444b8e147d5e95b315f0",5,,,
"214113010305","a03a17e845b8444b8e147d5e95b315f0",1,,,
"214113010305","a03a17e845b8444b8e147d5e95b315f0",7,,,
"214113010305","a03a17e845b8444b8e147d5e95b315f0",6,,,
"214113010305","a03a17e845b8444b8e147d5e95b315f0",9,,,
"214113010305","a03a17e845b8444b8e147d5e95b315f0",3,,,
"304301040405","a0525377534b48f0bb0d4c99d963fda6",3,1,0,1
"204301020206","a221543631f54480bde0e51df15c6361",9,,,
"204301020206","a221543631f54480bde0e51df15c6361",5,,,
"204301020206","a221543631f54480bde0e51df15c6361",3,,,
"204301020206","a221543631f54480bde0e51df15c6361",7,,,
"204301020206","a221543631f54480bde0e51df15c6361",2,,,
"204301020206","a221543631f54480bde0e51df15c6361",8,,,
"204301020206","a221543631f54480bde0e51df15c6361",4,,,
"204301020206","a221543631f54480bde0e51df15c6361",6,,,
"204301020206","a221543631f54480bde0e51df15c6361",1,,,
"307108030908","a29bda3a56964baba85e14f3c2abf988",6,1,3,1
"321106010504","a3908ba3b92f4fef9ad80450371afeb4",3,1,0,1
"321106010504","a3908ba3b92f4fef9ad80450371afeb4",9,2,1.5,1
"102104163014","a4729f20438e49378506cba98596f46c",2,,,
"102104163014","a4729f20438e49378506cba98596f46c",9,,,
"102104163014","a4729f20438e49378506cba98596f46c",1,,,
"102104163014","a4729f20438e49378506cba98596f46c",6,,,
"102104163014","a4729f20438e49378506cba98596f46c",8,,,
"102104163014","a4729f20438e49378506cba98596f46c",3,,,
"102104163014","a4729f20438e49378506cba98596f46c",7,,,
"102104163014","a4729f20438e49378506cba98596f46c",5,,,
"102104163014","a4729f20438e49378506cba98596f46c",4,,,
"418202010203","a5e08a9b241643949baeb09fac3ee420",7,1,0.4,1
"418202010203","a5e08a9b241643949baeb09fac3ee420",5,2,0,2
"108301050512","a93651e6ad8d4de2af53d25e4a9fc082",4,2,0.2,1
"108301050512","a93651e6ad8d4de2af53d25e4a9fc082",5,1,0,2
"322111041206","a9b092b3952f4ec082794dec24de21a1",3,1,0,1
"322111041206","a9b092b3952f4ec082794dec24de21a1",9,2,4,2
"310202030204","aeefbdde40724ba291ecf85534647db2",1,1,0,1
"310202030204","aeefbdde40724ba291ecf85534647db2",3,2,0,1
"111202040320","b00970f7c1fd483599d25b5d7a2c0399",7,1,1,2
"319203030409","b0b5ef4a81ee42299b12a7926ba93f4f",4,2,0.5,1
"319203030409","b0b5ef4a81ee42299b12a7926ba93f4f",1,1,0,1
"101204020501","b0cd107e76604c5c8367347965a11428",9,,,
"101204020501","b0cd107e76604c5c8367347965a11428",1,,,
"101204020501","b0cd107e76604c5c8367347965a11428",3,,,
"101204020501","b0cd107e76604c5c8367347965a11428",8,,,
"101204020501","b0cd107e76604c5c8367347965a11428",2,,,
"101204020501","b0cd107e76604c5c8367347965a11428",7,,,
"101204020501","b0cd107e76604c5c8367347965a11428",5,,,
"101204020501","b0cd107e76604c5c8367347965a11428",4,,,
"101204020501","b0cd107e76604c5c8367347965a11428",6,,,
"117302060527","b105a36a56b84f6ba66b7d1e2ffc388b",6,1,0.5,1
"117302060527","b105a36a56b84f6ba66b7d1e2ffc388b",4,2,0.3,1
"303402040806","b136b27d91194229a3d2dcf9252a325e",4,1,5,1
"310306030909","b137ae14a69249ff994a536b0461599c",4,1,0.1,1
"310306030909","b137ae14a69249ff994a536b0461599c",7,2,0.5,2
"410201010654","b2e36352f5d9409abcd9ff6850c9a17f",3,,,
"410201010654","b2e36352f5d9409abcd9ff6850c9a17f",6,,,
"410201010654","b2e36352f5d9409abcd9ff6850c9a17f",5,,,
"410201010654","b2e36352f5d9409abcd9ff6850c9a17f",7,,,
"410201010654","b2e36352f5d9409abcd9ff6850c9a17f",8,,,
"410201010654","b2e36352f5d9409abcd9ff6850c9a17f",2,,,
"410201010654","b2e36352f5d9409abcd9ff6850c9a17f",4,,,
"410201010654","b2e36352f5d9409abcd9ff6850c9a17f",9,,,
"410201010654","b2e36352f5d9409abcd9ff6850c9a17f",1,,,
"120106010101","b330812745fa4e77a5f536a967849f73",7,1,0.3,1
"309103050101","b341d8d46699459d85270dbbf9234423",4,1,0.1,1
"309103050101","b341d8d46699459d85270dbbf9234423",5,2,0,2
"309103050101","b341d8d46699459d85270dbbf9234423",7,3,0.5,1
"324104010503","b4251f797f5f4785bc4d7bf83cf21cad",2,,,
"324104010503","b4251f797f5f4785bc4d7bf83cf21cad",1,,,
"324104010503","b4251f797f5f4785bc4d7bf83cf21cad",3,,,
"324104010503","b4251f797f5f4785bc4d7bf83cf21cad",4,,,
"324104010503","b4251f797f5f4785bc4d7bf83cf21cad",7,,,
"324104010503","b4251f797f5f4785bc4d7bf83cf21cad",6,,,
"324104010503","b4251f797f5f4785bc4d7bf83cf21cad",5,,,
"324104010503","b4251f797f5f4785bc4d7bf83cf21cad",8,,,
"324104010503","b4251f797f5f4785bc4d7bf83cf21cad",9,,,
"218103021305","b562c88957c5417886afa6977f5b2965",9,2,0.2,2
"218103021305","b562c88957c5417886afa6977f5b2965",6,1,0.3,1
"113301010130","b59699570a7a45afbefd3140dd85b87e",1,1,0,1
"113301010130","b59699570a7a45afbefd3140dd85b87e",5,2,0,2
"302204050508","b60db776f7044c0993c08a34296e7410",3,1,0,1
"424105020201","b6beade8c2fb4ba7b72316080719a6ae",1,1,0,1
"424105020201","b6beade8c2fb4ba7b72316080719a6ae",7,2,0.2,1
"314101030304","b6c120c8e36f4d488a1d22da070a6a01",9,,,
"314101030304","b6c120c8e36f4d488a1d22da070a6a01",1,,,
"314101030304","b6c120c8e36f4d488a1d22da070a6a01",5,,,
"314101030304","b6c120c8e36f4d488a1d22da070a6a01",7,,,
"314101030304","b6c120c8e36f4d488a1d22da070a6a01",6,,,
"314101030304","b6c120c8e36f4d488a1d22da070a6a01",2,,,
"314101030304","b6c120c8e36f4d488a1d22da070a6a01",8,,,
"314101030304","b6c120c8e36f4d488a1d22da070a6a01",3,,,
"314101030304","b6c120c8e36f4d488a1d22da070a6a01",4,,,
"321105050214","b71b6b7c544e41fb929294eed370b7cf",3,1,0,1
"110306010205","b92db033a86e4abbae72c6347c5b82c8",5,2,0,2
"110306010205","b92db033a86e4abbae72c6347c5b82c8",1,1,0,1
"406201020310","bad2132fae8a42459b20c2aede01de05",1,1,0,1
"408102011215","bb6db2bb7e894ee6b96c81013a338db0",7,1,0.2,1
"209201010506","bb91dac00ca941ac91a0e1569d4a6dc8",1,1,0,1
"209201010506","bb91dac00ca941ac91a0e1569d4a6dc8",5,3,0,2
"209201010506","bb91dac00ca941ac91a0e1569d4a6dc8",3,2,0,1
"117301041137","bbb3f63e02a24e3db0e1e1e424e4a991",5,2,0,2
"117301041137","bbb3f63e02a24e3db0e1e1e424e4a991",1,1,0,1
"402210030714","bbd5aebfc1a54cf6826cbe7b44ec361d",4,,,
"402210030714","bbd5aebfc1a54cf6826cbe7b44ec361d",5,,,
"402210030714","bbd5aebfc1a54cf6826cbe7b44ec361d",2,,,
"402210030714","bbd5aebfc1a54cf6826cbe7b44ec361d",9,,,
"402210030714","bbd5aebfc1a54cf6826cbe7b44ec361d",3,,,
"402210030714","bbd5aebfc1a54cf6826cbe7b44ec361d",8,,,
"402210030714","bbd5aebfc1a54cf6826cbe7b44ec361d",7,,,
"402210030714","bbd5aebfc1a54cf6826cbe7b44ec361d",1,,,
"402210030714","bbd5aebfc1a54cf6826cbe7b44ec361d",6,,,
"420107040304","bcc6e03bb2a543348878ca4889658ee5",5,2,0,2
"420107040304","bcc6e03bb2a543348878ca4889658ee5",9,1,2,1
"318112010303","bcf4623a365e43579a50ae7608a20bb4",4,1,1,1
"221109020302","bfade52afbbe499582123960bdf484ad",6,2,1,1
"221109020302","bfade52afbbe499582123960bdf484ad",1,3,0,2
"221109020302","bfade52afbbe499582123960bdf484ad",4,1,0.3,1
"325103060113","bfc868c5c5914281b9d9bd1182bec578",6,1,2,1
"307108030304","c015bae305344f96818cc01ab60541c4",8,,,
"307108030304","c015bae305344f96818cc01ab60541c4",4,,,
"307108030304","c015bae305344f96818cc01ab60541c4",2,,,
"307108030304","c015bae305344f96818cc01ab60541c4",1,,,
"307108030304","c015bae305344f96818cc01ab60541c4",6,,,
"307108030304","c015bae305344f96818cc01ab60541c4",5,,,
"307108030304","c015bae305344f96818cc01ab60541c4",7,,,
"307108030304","c015bae305344f96818cc01ab60541c4",3,,,
"307108030304","c015bae305344f96818cc01ab60541c4",9,,,
"310306040802","c14a86da4ace4064b4410807ad90f8cc",4,2,0.1,1
"310306040802","c14a86da4ace4064b4410807ad90f8cc",1,1,0,1
"210306040101","c1a22955cf934b9386559182a0c46c8d",7,2,1.5,1
"210306040101","c1a22955cf934b9386559182a0c46c8d",6,1,1.5,1
"432205040203","c208d41946924e27803193316fe645f0",5,1,0,2
"124108021108","c2a083238ac94fc8a0b48e3330a8a611",8,,,
"124108021108","c2a083238ac94fc8a0b48e3330a8a611",7,,,
"124108021108","c2a083238ac94fc8a0b48e3330a8a611",2,,,
"124108021108","c2a083238ac94fc8a0b48e3330a8a611",3,,,
"124108021108","c2a083238ac94fc8a0b48e3330a8a611",6,,,
"124108021108","c2a083238ac94fc8a0b48e3330a8a611",1,,,
"124108021108","c2a083238ac94fc8a0b48e3330a8a611",4,,,
"124108021108","c2a083238ac94fc8a0b48e3330a8a611",5,,,
"124108021108","c2a083238ac94fc8a0b48e3330a8a611",9,,,
"107402030203","c33561448066434395fe6c8445631c87",5,2,0,2
"107402030203","c33561448066434395fe6c8445631c87",1,1,0,1
"321103040514","c40d2554992447aaab0c9ed075204836",1,2,0,1
"321103040514","c40d2554992447aaab0c9ed075204836",3,1,0,1
"311103020202","c5a985e708a74594a6c4522354013a9a",1,2,0,1
"311103020202","c5a985e708a74594a6c4522354013a9a",5,3,0,2
"311103020202","c5a985e708a74594a6c4522354013a9a",3,1,0,1
"225114032604","c7bcab112852484b816748e5dc6c1d12",6,2,1.5,1
"225114032604","c7bcab112852484b816748e5dc6c1d12",5,1,0,2
"426202040101","c997c4379310457193d2e4fec060d957",5,1,0,2
"426202040101","c997c4379310457193d2e4fec060d957",6,2,0.8,1
"304102010107","c9f3e3b01148416390d788c451e83853",3,1,0,1
"402208050714","ca4736d2f7a74a899d7997d614ac6c76",7,1,0.5,1
"212202010105","caa6f80f888744d0aaaf2e19676dcd23",2,2,0.4,1
"212202010105","caa6f80f888744d0aaaf2e19676dcd23",1,1,0,1
"228102030405","cbe3a418c67c4370af13683f11d44636",7,2,0.2,1
"228102030405","cbe3a418c67c4370af13683f11d44636",9,1,0.3,2
"408113040517","cc8047dc8a484aaa9836d72178b1780c",5,1,0,2
"408113040517","cc8047dc8a484aaa9836d72178b1780c",7,2,1.6,96
"325107010301","cd1474d77fac421a97691e211fcbba4c",4,2,0.1,1
"325107010301","cd1474d77fac421a97691e211fcbba4c",3,1,0,1
"408112020621","ce05dd69d60e43e28966bf07a745ce3d",5,1,0,2
"408112020621","ce05dd69d60e43e28966bf07a745ce3d",6,2,0.3,1
"427202040214","ce31748c847d40a9ad2150a36c2438dc",6,1,3,1
"103105050501","cedfce2c57e641d18f8cb9d9c783e6a3",4,1,0.5,1
"103105050501","cedfce2c57e641d18f8cb9d9c783e6a3",5,2,0,2
"102105150507","d091d72bf34743fa8b42d63d78c6c4d2",5,2,0,1
"102105150507","d091d72bf34743fa8b42d63d78c6c4d2",1,1,0,1
"310306041001","d4b645c8dabe4a14801fbe211d9dac91",4,,,
"310306041001","d4b645c8dabe4a14801fbe211d9dac91",5,,,
"310306041001","d4b645c8dabe4a14801fbe211d9dac91",2,,,
"310306041001","d4b645c8dabe4a14801fbe211d9dac91",9,,,
"310306041001","d4b645c8dabe4a14801fbe211d9dac91",3,,,
"310306041001","d4b645c8dabe4a14801fbe211d9dac91",8,,,
"310306041001","d4b645c8dabe4a14801fbe211d9dac91",6,,,
"310306041001","d4b645c8dabe4a14801fbe211d9dac91",7,,,
"310306041001","d4b645c8dabe4a14801fbe211d9dac91",1,,,
"110204010703","d4e9ef0dc2b74bf38dcb92726ad41f5d",7,2,1.5,1
"110204010703","d4e9ef0dc2b74bf38dcb92726ad41f5d",5,1,0,2
"307108030708","d56d66a6c7584c298f2d3d3fa7389f35",5,,,
"307108030708","d56d66a6c7584c298f2d3d3fa7389f35",6,,,
"307108030708","d56d66a6c7584c298f2d3d3fa7389f35",3,,,
"307108030708","d56d66a6c7584c298f2d3d3fa7389f35",1,,,
"307108030708","d56d66a6c7584c298f2d3d3fa7389f35",4,,,
"307108030708","d56d66a6c7584c298f2d3d3fa7389f35",7,,,
"307108030708","d56d66a6c7584c298f2d3d3fa7389f35",2,,,
"307108030708","d56d66a6c7584c298f2d3d3fa7389f35",9,,,
"307108030708","d56d66a6c7584c298f2d3d3fa7389f35",8,,,
"122102060404","d63a27ac1a6d4af89a64a7cbcd3d4291",5,1,0,2
"122102060404","d63a27ac1a6d4af89a64a7cbcd3d4291",7,2,3,1
"212104030611","d63ba4eb8a1c4a0e9cca5826e2affa7e",1,1,0,1
"212104030611","d63ba4eb8a1c4a0e9cca5826e2affa7e",4,2,0.3,1
"102102050406","d6aa486f005240b6b7cb24f89a40734e",5,2,0,1
"102102050406","d6aa486f005240b6b7cb24f89a40734e",1,1,0,1
"323108030411","d7b1236aabb94f6bb30da9c00b33bf61",5,2,0,2
"323108030411","d7b1236aabb94f6bb30da9c00b33bf61",4,1,1.5,1
"303504020504","d7df893335d04af7acb5f703066383af",4,2,0.1,2
"303504020504","d7df893335d04af7acb5f703066383af",6,1,0.5,1
"403105050205","d84f5f9e3a694d3ea5d8c6bc57726b98",9,1,3,1
"102103060631","d8e480e0083545f38d88e7ca1753924c",6,,,
"102103060631","d8e480e0083545f38d88e7ca1753924c",3,,,
"102103060631","d8e480e0083545f38d88e7ca1753924c",9,,,
"102103060631","d8e480e0083545f38d88e7ca1753924c",4,,,
"102103060631","d8e480e0083545f38d88e7ca1753924c",8,,,
"102103060631","d8e480e0083545f38d88e7ca1753924c",5,,,
"102103060631","d8e480e0083545f38d88e7ca1753924c",7,,,
"102103060631","d8e480e0083545f38d88e7ca1753924c",1,,,
"102103060631","d8e480e0083545f38d88e7ca1753924c",2,,,
"406303070608","d983e831143f41a08ffd423010b5dfa6",1,1,0,1
"406303070608","d983e831143f41a08ffd423010b5dfa6",7,2,0.2,1
"325101020514","da5e5ab5a00e480683eae461cba99b13",1,1,0,1
"325101020514","da5e5ab5a00e480683eae461cba99b13",4,2,0.3,1
"223126011515","da7a73e6a46542769c99839dcac87f10",6,,,
"223126011515","da7a73e6a46542769c99839dcac87f10",9,,,
"223126011515","da7a73e6a46542769c99839dcac87f10",2,,,
"223126011515","da7a73e6a46542769c99839dcac87f10",1,,,
"223126011515","da7a73e6a46542769c99839dcac87f10",3,,,
"223126011515","da7a73e6a46542769c99839dcac87f10",4,,,
"223126011515","da7a73e6a46542769c99839dcac87f10",7,,,
"223126011515","da7a73e6a46542769c99839dcac87f10",8,,,
"223126011515","da7a73e6a46542769c99839dcac87f10",5,,,
"102103080303","db979bdcd2e148f98742974d2a4f9371",5,2,0,2
"102103080303","db979bdcd2e148f98742974d2a4f9371",1,1,0,1
"122106021812","dc1776a9a0e14f4582ec0425908ceea5",5,1,0,2
"122106021812","dc1776a9a0e14f4582ec0425908ceea5",7,3,1,2
"122106021812","dc1776a9a0e14f4582ec0425908ceea5",4,2,0,1
"113111020505","dda5335ce205431184ce477ddbedbef7",5,2,0,2
"113111020505","dda5335ce205431184ce477ddbedbef7",1,1,0,1
"106101010605","df04ee2c0e3a4107a7da27f23f41944b",1,2,0,1
"106101010605","df04ee2c0e3a4107a7da27f23f41944b",5,1,0,2
"208102140202","dfbc222d6117426abcbd121d0593bce5",4,1,0.2,1
"115303040507","e106494d0ae84f20a841ab351720b8aa",1,1,0,1
"117106050206","e23a30e088d1453a8394085bff6af8dd",6,3,1,1
"117106050206","e23a30e088d1453a8394085bff6af8dd",5,1,0,2
"117106050206","e23a30e088d1453a8394085bff6af8dd",4,2,2,1
"417107030404","e24222c61b9f4563830fe94cd944785c",8,,,
"417107030404","e24222c61b9f4563830fe94cd944785c",6,,,
"417107030404","e24222c61b9f4563830fe94cd944785c",7,,,
"417107030404","e24222c61b9f4563830fe94cd944785c",2,,,
"417107030404","e24222c61b9f4563830fe94cd944785c",5,,,
"417107030404","e24222c61b9f4563830fe94cd944785c",4,,,
"417107030404","e24222c61b9f4563830fe94cd944785c",3,,,
"417107030404","e24222c61b9f4563830fe94cd944785c",9,,,
"417107030404","e24222c61b9f4563830fe94cd944785c",1,,,
"406108040102","e282714b05cb42bf8b20fc75e0473960",5,,,
"406108040102","e282714b05cb42bf8b20fc75e0473960",7,,,
"406108040102","e282714b05cb42bf8b20fc75e0473960",4,,,
"406108040102","e282714b05cb42bf8b20fc75e0473960",6,,,
"406108040102","e282714b05cb42bf8b20fc75e0473960",8,,,
"406108040102","e282714b05cb42bf8b20fc75e0473960",1,,,
"406108040102","e282714b05cb42bf8b20fc75e0473960",3,,,
"406108040102","e282714b05cb42bf8b20fc75e0473960",9,,,
"406108040102","e282714b05cb42bf8b20fc75e0473960",2,,,
"107403060301","e3166e34b04d473eb589f6a033ae53d2",1,1,0,1
"107403060301","e3166e34b04d473eb589f6a033ae53d2",6,2,0.3,1
"104102040606","e4d52a1c0a1148dc830cee53ef0df523",4,2,0.5,1
"104102040606","e4d52a1c0a1148dc830cee53ef0df523",5,1,0,2
"404403030304","e4ddc650064a4c0f89867f59f249801e",1,1,0,1
"404403030304","e4ddc650064a4c0f89867f59f249801e",7,2,0.8,96
"411203020101","e614b8ae67d44c8cbc5bf5aeccecc8f8",5,2,0,2
"411203020101","e614b8ae67d44c8cbc5bf5aeccecc8f8",1,1,0,1
"201210090210","e61b5559a1b4404bb4a22e8c657b33f1",9,,,
"201210090210","e61b5559a1b4404bb4a22e8c657b33f1",5,,,
"201210090210","e61b5559a1b4404bb4a22e8c657b33f1",2,,,
"201210090210","e61b5559a1b4404bb4a22e8c657b33f1",4,,,
"201210090210","e61b5559a1b4404bb4a22e8c657b33f1",1,,,
"201210090210","e61b5559a1b4404bb4a22e8c657b33f1",3,,,
"201210090210","e61b5559a1b4404bb4a22e8c657b33f1",8,,,
"201210090210","e61b5559a1b4404bb4a22e8c657b33f1",6,,,
"201210090210","e61b5559a1b4404bb4a22e8c657b33f1",7,,,
"309204060609","e6d0819875ec42e4b949ea30d57fb7e3",3,1,0,1
"204101030213","e77d4f6292d24755b7b3c46d7261d6b2",8,,,
"204101030213","e77d4f6292d24755b7b3c46d7261d6b2",3,,,
"204101030213","e77d4f6292d24755b7b3c46d7261d6b2",4,,,
"204101030213","e77d4f6292d24755b7b3c46d7261d6b2",2,,,
"204101030213","e77d4f6292d24755b7b3c46d7261d6b2",6,,,
"204101030213","e77d4f6292d24755b7b3c46d7261d6b2",5,,,
"204101030213","e77d4f6292d24755b7b3c46d7261d6b2",1,,,
"204101030213","e77d4f6292d24755b7b3c46d7261d6b2",9,,,
"204101030213","e77d4f6292d24755b7b3c46d7261d6b2",7,,,
"330110010403","e86a2ea031ca4f9cb0b66693561736c8",6,3,0.5,1
"330110010403","e86a2ea031ca4f9cb0b66693561736c8",5,2,0,2
"330110010403","e86a2ea031ca4f9cb0b66693561736c8",3,1,0,1
"124107010620","e8b86f9566254e76af1d7fe3ff8524a9",1,1,0,1
"320102020601","e90883e236674997bdbad9acc116625f",7,,,
"320102020601","e90883e236674997bdbad9acc116625f",1,,,
"320102020601","e90883e236674997bdbad9acc116625f",3,,,
"320102020601","e90883e236674997bdbad9acc116625f",5,,,
"320102020601","e90883e236674997bdbad9acc116625f",2,,,
"320102020601","e90883e236674997bdbad9acc116625f",6,,,
"320102020601","e90883e236674997bdbad9acc116625f",8,,,
"320102020601","e90883e236674997bdbad9acc116625f",9,,,
"320102020601","e90883e236674997bdbad9acc116625f",4,,,
"420108030901","e9acfec9f50e43a884c4db8e14f80beb",5,2,0,2
"420108030901","e9acfec9f50e43a884c4db8e14f80beb",7,1,1,1
"102105030701","e9e027640d2a4506aec7a34b6c679073",2,,,
"102105030701","e9e027640d2a4506aec7a34b6c679073",6,,,
"102105030701","e9e027640d2a4506aec7a34b6c679073",7,,,
"102105030701","e9e027640d2a4506aec7a34b6c679073",3,,,
"102105030701","e9e027640d2a4506aec7a34b6c679073",4,,,
"102105030701","e9e027640d2a4506aec7a34b6c679073",5,,,
"102105030701","e9e027640d2a4506aec7a34b6c679073",1,,,
"102105030701","e9e027640d2a4506aec7a34b6c679073",9,,,
"102105030701","e9e027640d2a4506aec7a34b6c679073",8,,,
"319105080306","e9ee6e0d15b54db2b26857f7ed93a52b",6,2,0.2,1
"319105080306","e9ee6e0d15b54db2b26857f7ed93a52b",4,1,0.2,1
"313102050501","eb8f3695097d4ec5a6d7c65858451483",1,1,1,2
"313102050501","eb8f3695097d4ec5a6d7c65858451483",4,2,4,1
"313102050501","eb8f3695097d4ec5a6d7c65858451483",2,3,3,1
"303204050605","ebb0b322a786451d9ec7603dc6731c31",5,2,0,2
"303204050605","ebb0b322a786451d9ec7603dc6731c31",1,1,0,1
"102104010236","ed628650c92d4517a20209c12a4e6606",1,1,0,1
"405301040904","ee245be814ce483aa8b66c3b2b0b6216",2,,,
"405301040904","ee245be814ce483aa8b66c3b2b0b6216",1,,,
"405301040904","ee245be814ce483aa8b66c3b2b0b6216",3,,,
"405301040904","ee245be814ce483aa8b66c3b2b0b6216",7,,,
"405301040904","ee245be814ce483aa8b66c3b2b0b6216",9,,,
"405301040904","ee245be814ce483aa8b66c3b2b0b6216",6,,,
"405301040904","ee245be814ce483aa8b66c3b2b0b6216",4,,,
"405301040904","ee245be814ce483aa8b66c3b2b0b6216",5,,,
"405301040904","ee245be814ce483aa8b66c3b2b0b6216",8,,,
"223135040509","ef0a2c1050d9446fa88afe6aaecd83fb",4,,,
"223135040509","ef0a2c1050d9446fa88afe6aaecd83fb",2,,,
"223135040509","ef0a2c1050d9446fa88afe6aaecd83fb",6,,,
"223135040509","ef0a2c1050d9446fa88afe6aaecd83fb",3,,,
"223135040509","ef0a2c1050d9446fa88afe6aaecd83fb",5,,,
"223135040509","ef0a2c1050d9446fa88afe6aaecd83fb",7,,,
"223135040509","ef0a2c1050d9446fa88afe6aaecd83fb",1,,,
"223135040509","ef0a2c1050d9446fa88afe6aaecd83fb",8,,,
"223135040509","ef0a2c1050d9446fa88afe6aaecd83fb",9,,,
"108106030909","f11ff6935d374a37bd9267163c43ea0e",3,1,0,1
"108106030909","f11ff6935d374a37bd9267163c43ea0e",4,3,3,1
"108106030909","f11ff6935d374a37bd9267163c43ea0e",5,2,0,2
"428111030515","f2753e0a1ee1407cbf044f9bf4084302",5,2,0,2
"428111030515","f2753e0a1ee1407cbf044f9bf4084302",3,1,0,1
"219103120104","f310f9362b1e4295837d273e1b467904",6,2,3,1
"219103120104","f310f9362b1e4295837d273e1b467904",4,1,0.5,2
"223121010401","f4f37a3e35c44dc4924cadb9b8f38a0c",5,2,0,2
"223121010401","f4f37a3e35c44dc4924cadb9b8f38a0c",7,3,1,1
"223121010401","f4f37a3e35c44dc4924cadb9b8f38a0c",6,1,2,1
"214114030515","f7c8666f68b24340884eb314238f39c2",1,1,0,1
"214114030515","f7c8666f68b24340884eb314238f39c2",6,2,0.5,2
"415106081213","fa6d43e574104dbeaabc1c15d349f6b4",7,2,0.2,1
"415106081213","fa6d43e574104dbeaabc1c15d349f6b4",5,1,0,2
"418209070214","fad0449bb4f0427aa9434d98c5e8ddf5",5,1,0,2
"418209070214","fad0449bb4f0427aa9434d98c5e8ddf5",7,2,1,1
"415110040403","fbdb75a9b0ab4f63b55032a65a48dc0f",8,1,0,96
"417102010602","fc8c4458e87f4d78814c817cd3bb82f9",7,1,2.3,96
"314103040301","fd96d6f934ab45739d166b07618b3031",3,1,1,1
"207104010604","fe36e5eff69c4cb2959c1c44ea20f418",3,1,0,1
"208107130101","ff38ebd77e0b421a8e2cc2c790ae9232",3,1,0.1,1
"208107130101","ff38ebd77e0b421a8e2cc2c790ae9232",5,2,0,2
"102103010916","ffc83c8361694f8081915379007bb634",1,1,0,1
"102103010916","ffc83c8361694f8081915379007bb634",5,3,0,2
"102103010916","ffc83c8361694f8081915379007bb634",2,2,0.3,1
