"Final_EA_code","interview__id","Year_id","s3q30a","s3q30b","s3q31a","s3q31b","s3q32a","s3q32b","s3q33a","s3q33b"
"410201010733","05a0fe0e9f714c0b84f108d501df571a",1,27,24,6,2,20,21,1,1
"410201010733","05a0fe0e9f714c0b84f108d501df571a",2,23,23,5,4,19,18,0,0
"223121030202","05f078de3c20400bb66156c3a52d43ec",1,47,31,0,0,2,1,4,4
"223121030202","05f078de3c20400bb66156c3a52d43ec",2,11,19,0,0,2,0,7,7
"415114070301","07ae8f7297234aee97940f7561f48346",2,49,35,3,1,45,32,1,2
"415114070301","07ae8f7297234aee97940f7561f48346",1,9,7,1,1,8,6,0,0
"204102040514","0878b9ca320646cbb31fafb49df1a623",1,16,19,1,0,9,6,7,1
"204102040514","0878b9ca320646cbb31fafb49df1a623",2,23,24,0,1,12,19,7,11
"307202030201","09bfa283100c462d998e21c567116948",1,46,39,4,0,37,27,10,9
"307202030201","09bfa283100c462d998e21c567116948",2,37,32,6,1,30,27,1,4
"107302030503","0aee3535b7234e049787609e8776fee8",1,23,20,0,0,0,0,4,1
"107302030503","0aee3535b7234e049787609e8776fee8",2,50,44,2,1,25,23,12,3
"117202080201","0b08b47250b441e9a1cef5e119453e39",1,19,19,1,2,13,8,1,3
"117202080201","0b08b47250b441e9a1cef5e119453e39",2,33,30,0,0,14,17,7,7
"204203010514","0c7be6801de643efa91970a69114cead",2,,,,,,,,
"204203010514","0c7be6801de643efa91970a69114cead",1,,,,,,,,
"313104010108","0d07cf9a197b4eaa9ba64ed29c9134ad",1,16,9,0,0,4,0,15,3
"313104010108","0d07cf9a197b4eaa9ba64ed29c9134ad",2,20,6,0,0,7,3,8,4
"118101041020","0d35d167e05a48cabed55225424424cf",2,21,18,0,0,16,9,1,2
"118101041020","0d35d167e05a48cabed55225424424cf",1,4,11,0,0,1,1,3,5
"102104081332","0e0a6e4e61be4e86827a616c7e49c88b",2,,,,,,,,
"102104081332","0e0a6e4e61be4e86827a616c7e49c88b",1,7,0,3,0,3,0,0,0
"113105050532","103ae2d40d654ba6ae6314c148087521",2,,,,,,,,
"113105050532","103ae2d40d654ba6ae6314c148087521",1,46,70,7,5,28,48,8,14
"317101010205","104d7f9eb5cc42939d5b89074e036cb9",1,16,10,0,0,3,0,7,3
"317101010205","104d7f9eb5cc42939d5b89074e036cb9",2,76,51,0,0,17,5,20,8
"232101040606","1058921f8e3e4719beb3f8c64572daf1",2,,,,,,,,
"232101040606","1058921f8e3e4719beb3f8c64572daf1",1,14,14,0,0,3,0,4,3
"311105051111","10e47f214cb7482aa3d9da38fbb07f61",2,,,,,,,,
"311105051111","10e47f214cb7482aa3d9da38fbb07f61",1,,,,,,,,
"308102060619","1124288a21f7429c8e9307a11291b298",1,17,11,4,0,13,11,0,0
"308102060619","1124288a21f7429c8e9307a11291b298",2,41,15,0,0,31,8,4,4
"327106020513","11324295e37b4bd8b91976e0d5e61df7",2,23,16,9,2,14,14,0,0
"327106020513","11324295e37b4bd8b91976e0d5e61df7",1,23,19,8,1,15,13,0,1
"219103170202","14b0a6db23fb42a683d40499e0651e1a",1,24,19,0,0,12,10,9,5
"219103170202","14b0a6db23fb42a683d40499e0651e1a",2,8,12,0,0,8,10,0,2
"115202070303","14c013df40e448d49e47f95ceab9d37e",1,18,22,3,1,8,8,4,8
"115202070303","14c013df40e448d49e47f95ceab9d37e",2,18,29,0,0,10,7,5,9
"303404030404","1559b44962074f1fa1de10a1c4794e7f",2,50,22,0,0,31,11,11,7
"303404030404","1559b44962074f1fa1de10a1c4794e7f",1,44,30,0,0,18,2,10,14
"113105040201","15d825f70832453c8d77d9b0db1b716f",1,17,10,1,3,8,5,8,2
"113105040201","15d825f70832453c8d77d9b0db1b716f",2,18,7,1,1,8,2,6,1
"223128010204","15daaf897d21429892bdbf6e9764ae66",1,17,45,9,6,12,11,4,2
"223128010204","15daaf897d21429892bdbf6e9764ae66",2,5,10,0,0,4,4,0,5
"322108020610","165176d72b6e412cad2ebc29b0a29ee2",2,29,12,0,0,10,0,7,2
"322108020610","165176d72b6e412cad2ebc29b0a29ee2",1,35,16,0,0,5,0,14,7
"102104020313","179be7cbf9884e01833685dd902c2f22",1,,,,,,,,
"102104020313","179be7cbf9884e01833685dd902c2f22",2,,,,,,,,
"113604010110","17ad285d62d7499fa34b4a79740f73fd",2,61,76,1,1,18,31,24,16
"113604010110","17ad285d62d7499fa34b4a79740f73fd",1,73,77,6,1,35,37,16,19
"221109050505","18cad48cbad4438ab7b9524abfdc566e",1,38,25,18,7,19,18,1,0
"221109050505","18cad48cbad4438ab7b9524abfdc566e",2,45,24,6,1,38,23,1,0
"123110030105","19e17412e1bb4367904771f4b7d723b1",2,10,11,0,0,6,4,0,1
"123110030105","19e17412e1bb4367904771f4b7d723b1",1,4,9,0,0,3,2,1,2
"307108020605","1a7113db20214db7abccd7c463c86c4c",1,25,22,0,0,5,4,4,4
"307108020605","1a7113db20214db7abccd7c463c86c4c",2,17,16,0,0,6,8,7,4
"226105051005","1abf78b9247749bf82b6875f5fa2caac",1,33,52,0,0,11,5,10,11
"226105051005","1abf78b9247749bf82b6875f5fa2caac",2,21,21,0,0,9,4,10,6
"415115040706","1b8cc2c217144817bece19f488026244",1,,,,,,,,
"415115040706","1b8cc2c217144817bece19f488026244",2,21,24,0,0,21,24,0,0
"310102021618","1d1c39bd455d40e7adb33093f06cefb2",2,0,0,0,0,0,0,0,0
"310102021618","1d1c39bd455d40e7adb33093f06cefb2",1,27,27,0,0,2,2,4,2
"208202080102","1eb5ffb1eeb14468bc6eb36b5bb54ef5",2,53,69,4,5,37,48,6,8
"208202080102","1eb5ffb1eeb14468bc6eb36b5bb54ef5",1,63,63,19,7,42,46,2,4
"323104030201","1f82d12a97c547288165584527f40a15",1,53,66,4,2,41,26,5,30
"323104030201","1f82d12a97c547288165584527f40a15",2,51,24,1,0,36,10,12,10
"303201020510","1f9751e8115d473c98fdd74d60bf3cfe",2,,,,,,,,
"303201020510","1f9751e8115d473c98fdd74d60bf3cfe",1,,,,,,,,
"411403030809","20b3dc70a2ef47ffab2bc7cf0cfde6b0",1,,,,,,,,
"411403030809","20b3dc70a2ef47ffab2bc7cf0cfde6b0",2,,,,,,,,
"107305070203","22079ff2853f489cae51dabb6c99470d",2,15,17,0,0,10,12,5,5
"107305070203","22079ff2853f489cae51dabb6c99470d",1,17,19,0,0,9,7,6,5
"403201020515","22305ac5a3e1460c98eca90206d5b6bc",1,,,,,,,,
"403201020515","22305ac5a3e1460c98eca90206d5b6bc",2,,,,,,,,
"102105010613","2298e1b9396042d282a34faa2bbeac2d",1,20,27,0,2,7,7,6,8
"102105010613","2298e1b9396042d282a34faa2bbeac2d",2,11,22,1,0,5,11,2,4
"215115020203","23f6bb268b504e58856725154c372561",2,26,40,0,0,2,11,11,16
"215115020203","23f6bb268b504e58856725154c372561",1,39,32,0,0,6,3,14,9
"230105040506","24dff56428de471c8f2d55dc2ad1600a",2,,,,,,,,
"230105040506","24dff56428de471c8f2d55dc2ad1600a",1,,,,,,,,
"102101080210","2687e3cb2fe0474abeda57d9a8c8ad32",1,,,,,,,,
"102101080210","2687e3cb2fe0474abeda57d9a8c8ad32",2,,,,,,,,
"216202030604","26be7462ce5e43d3b0b9cfdda3680cda",1,20,18,2,0,14,13,1,4
"216202030604","26be7462ce5e43d3b0b9cfdda3680cda",2,30,22,0,0,2,14,11,10
"404102030405","26eef9075b7349a0b4525e9ba09468a2",1,13,6,0,0,10,10,2,2
"404102030405","26eef9075b7349a0b4525e9ba09468a2",2,10,27,1,2,4,21,4,1
"409101040104","26f0c6653b8b4c1bad87410d14d90552",2,,,,,,,,
"409101040104","26f0c6653b8b4c1bad87410d14d90552",1,,,,,,,,
"119104030404","293ecee7a80a482c9e10d861a7ee9c7c",2,3,1,0,0,0,0,1,1
"119104030404","293ecee7a80a482c9e10d861a7ee9c7c",1,9,7,0,0,2,0,4,2
"422107010808","29cc9b2639524c459e1b9c4f9837262e",2,17,26,0,1,11,12,4,5
"422107010808","29cc9b2639524c459e1b9c4f9837262e",1,16,21,0,0,3,6,7,4
"117302030901","2b8544e9cb7347bdb22735d3564fdf4e",2,,,,,,,,
"117302030901","2b8544e9cb7347bdb22735d3564fdf4e",1,,,,,,,,
"102105130528","2bc65237da7d4f7995d38281b77b1e4b",1,62,66,2,0,18,12,19,16
"102105130528","2bc65237da7d4f7995d38281b77b1e4b",2,61,63,2,1,30,29,12,17
"102105100433","2bea2c4985dd4f418a8c387b21ac7fbb",1,75,77,26,7,45,61,3,7
"102105100433","2bea2c4985dd4f418a8c387b21ac7fbb",2,59,80,21,13,35,60,3,5
"107202060102","2c4950efbc4f485ca7901eed4a944579",1,3,7,0,0,3,0,0,1
"107202060102","2c4950efbc4f485ca7901eed4a944579",2,2,2,0,0,1,2,1,0
"205107030213","2c5000cc7fa54db897421cefd55bae85",2,31,37,0,0,13,19,18,15
"205107030213","2c5000cc7fa54db897421cefd55bae85",1,52,376,0,12,18,18,11,10
"330107010101","2c7dff734efc4ccb991e6cba613ab077",1,31,23,0,0,18,10,9,11
"330107010101","2c7dff734efc4ccb991e6cba613ab077",2,32,19,1,0,25,16,4,3
"303404010207","2c8f787219df44ad88f08faf238da056",2,8,5,0,0,1,0,5,0
"303404010207","2c8f787219df44ad88f08faf238da056",1,7,8,0,0,2,0,4,1
"417103010710","2d21136097a4458a990cfe6f52865418",2,24,31,0,0,4,12,2,13
"417103010710","2d21136097a4458a990cfe6f52865418",1,15,13,0,0,6,4,4,5
"124101050211","2f0258e282264dd6be94505229e6d055",1,12,19,1,0,9,6,5,3
"124101050211","2f0258e282264dd6be94505229e6d055",2,12,12,2,1,8,5,2,2
"102102080506","2f3dadda9c4d49b89b8f3d25ecf05ddc",1,77,74,26,7,48,58,3,7
"102102080506","2f3dadda9c4d49b89b8f3d25ecf05ddc",2,60,79,21,13,36,59,3,5
"106101090206","303f41c72565478cbb227a5e342ebc3e",2,23,22,2,4,15,10,2,3
"106101090206","303f41c72565478cbb227a5e342ebc3e",1,64,94,7,14,35,49,13,19
"320102040601","30b9d5e1f9fe43dd8a86e6563a69e79a",2,36,32,1,0,29,17,2,9
"320102040601","30b9d5e1f9fe43dd8a86e6563a69e79a",1,31,33,7,1,21,15,2,5
"405302030405","30fa92d582c34ffb8cd59644c7cc475f",2,,,,,,,,
"405302030405","30fa92d582c34ffb8cd59644c7cc475f",1,37,34,16,14,21,20,0,0
"318116050101","312a435313e24061969eab79d4d65731",1,16,3,0,0,11,2,5,1
"318116050101","312a435313e24061969eab79d4d65731",2,19,2,0,0,1,17,0,0
"110207040309","31a3f66b54524494a74c267e31e91d05",1,12,18,0,0,1,0,1,3
"110207040309","31a3f66b54524494a74c267e31e91d05",2,14,18,0,0,2,2,5,4
"218115040101","32bb43e6ccef425296ce50b454dcdcf2",2,14,11,1,0,4,4,6,17
"218115040101","32bb43e6ccef425296ce50b454dcdcf2",1,12,20,0,0,2,4,3,6
"115103020402","34533291de9b4e30a46add0d31cb8f27",2,7,21,0,1,7,16,0,3
"115103020402","34533291de9b4e30a46add0d31cb8f27",1,12,15,0,0,11,14,1,0
"226101010214","349edf6fc6cb49ddb9bfeb044f66c642",2,7,9,0,0,6,6,0,3
"226101010214","349edf6fc6cb49ddb9bfeb044f66c642",1,9,10,0,0,8,3,1,6
"302201050803","34efbcdf896549f7b8f690de4d3ebdf7",2,38,48,0,0,23,16,7,6
"302201050803","34efbcdf896549f7b8f690de4d3ebdf7",1,36,21,3,1,28,17,1,4
"409301030405","362ff1525f0b427ebc84612761e41586",2,,,,,,,,
"409301030405","362ff1525f0b427ebc84612761e41586",1,,,,,,,,
"302101021503","369a2e686b0641f08735d83c69d92007",2,19,13,0,0,6,1,3,3
"302101021503","369a2e686b0641f08735d83c69d92007",1,14,18,0,0,3,1,4,3
"311202010102","37c7d386630e44f0b224b90b5746a370",1,25,14,3,0,16,4,5,6
"311202010102","37c7d386630e44f0b224b90b5746a370",2,38,14,1,0,21,4,7,4
"321107061709","391f45ad2d3548e1a27bd7652fb6719f",2,35,35,0,0,3,2,5,8
"321107061709","391f45ad2d3548e1a27bd7652fb6719f",1,23,23,0,0,7,6,4,5
"113406060107","39627200a32c4626bb07b5c5e5a292e7",2,,,,,,,,
"113406060107","39627200a32c4626bb07b5c5e5a292e7",1,,,,,,,,
"230105010304","39e38a8716404f4f8588e28c28dbc0d7",1,12,13,0,0,3,1,7,5
"230105010304","39e38a8716404f4f8588e28c28dbc0d7",2,19,16,0,0,9,5,4,2
"302205050202","3a542ba2ee9a46dcb7835e47f9c7612c",1,16,13,0,0,10,6,8,3
"302205050202","3a542ba2ee9a46dcb7835e47f9c7612c",2,26,19,0,0,14,7,4,9
"404207040904","3ac09195350c451580bdcc430347f62d",1,18,23,0,0,13,11,2,7
"404207040904","3ac09195350c451580bdcc430347f62d",2,26,31,0,0,17,17,4,12
"329106020616","3b3c7af2481243f894a3a0b95ecb924a",2,,,,,,,,
"329106020616","3b3c7af2481243f894a3a0b95ecb924a",1,,,,,,,,
"325103060210","3ce08aeb981a41a5bc347d2a41198d4c",2,22,15,0,0,6,0,4,4
"325103060210","3ce08aeb981a41a5bc347d2a41198d4c",1,28,8,0,0,5,0,11,1
"211105030205","3cf0a1fa46ae46828806f8595135cb16",1,19,25,0,0,6,4,14,5
"211105030205","3cf0a1fa46ae46828806f8595135cb16",2,14,28,0,0,9,14,4,9
"204302051318","3d61703566614f43b422c80f897bc1e4",1,27,50,2,0,6,9,10,23
"204302051318","3d61703566614f43b422c80f897bc1e4",2,39,47,1,0,14,9,10,10
"223108100606","3f41cdc7f4484a90894f7afe2a53b89b",1,35,32,0,0,8,5,12,8
"223108100606","3f41cdc7f4484a90894f7afe2a53b89b",2,6,14,0,0,5,6,1,6
"104104030820","40927a9f8da44e0980c45b12154cbe6e",1,,,,,,,,
"104104030820","40927a9f8da44e0980c45b12154cbe6e",2,,,,,,,,
"303405071314","41d507da42f24faaa7e7d79bf789ee25",1,6,8,0,0,0,0,1,0
"303405071314","41d507da42f24faaa7e7d79bf789ee25",2,2,4,0,0,0,0,1,0
"203301010111","44c8e8b546fa4e92b4e149105804a139",2,,,,,,,,
"203301010111","44c8e8b546fa4e92b4e149105804a139",1,,,,,,,,
"202205030602","4582b29c263744c49916b533238ce553",1,31,25,0,0,2,3,14,10
"202205030602","4582b29c263744c49916b533238ce553",2,37,30,0,0,6,10,24,11
"229104021009","45e2495043be477d9602ba8645c8bf4a",1,,,,,,,,
"229104021009","45e2495043be477d9602ba8645c8bf4a",2,,,,,,,,
"411302020404","468987393fd44482ae5a32350511eae9",2,27,26,0,0,11,8,12,7
"411302020404","468987393fd44482ae5a32350511eae9",1,26,26,0,0,10,6,11,7
"412201070408","46bc8364e56f4e2ab24e7cb582ffa6f5",2,,,,,,,,
"412201070408","46bc8364e56f4e2ab24e7cb582ffa6f5",1,,,,,,,,
"405203030403","481f3d44d4074b55b71c4bd5c9624349",2,13,25,1,1,11,23,1,1
"405203030403","481f3d44d4074b55b71c4bd5c9624349",1,23,27,4,3,18,24,1,0
"124101050312","49123f99dd9b4867a7ae5242708194e8",1,,,,,,,,
"124101050312","49123f99dd9b4867a7ae5242708194e8",2,,,,,,,,
"317107051210","4936d20fd0be487bb99a45cce8212c35",1,33,33,1,0,10,11,10,13
"317107051210","4936d20fd0be487bb99a45cce8212c35",2,28,28,1,0,15,8,7,7
"104208040401","49d2684cbd464eefb0be494729d22b00",2,102,121,27,21,74,97,1,2
"104208040401","49d2684cbd464eefb0be494729d22b00",1,115,150,6,6,95,124,13,16
"102103041252","4af38353df164c5899db4e345313f601",1,,,,,,,,
"102103041252","4af38353df164c5899db4e345313f601",2,,,,,,,,
"306203010305","4b14fdfdc4154af5a1bcb1b438adbdae",2,29,8,1,0,21,2,5,1
"306203010305","4b14fdfdc4154af5a1bcb1b438adbdae",1,13,4,0,0,10,1,1,3
"201203010310","4dd40973252a4df3b81cc3878d136268",2,20,14,0,0,5,6,8,5
"201203010310","4dd40973252a4df3b81cc3878d136268",1,18,14,0,0,9,7,5,5
"212305020404","4e6fd738620241a78230c9437484db77",2,31,29,0,0,8,2,8,13
"212305020404","4e6fd738620241a78230c9437484db77",1,17,17,0,0,2,2,7,4
"110305010603","50a0e9476f3f4947b4d66dd8a705c802",2,12,19,2,1,6,11,2,5
"110305010603","50a0e9476f3f4947b4d66dd8a705c802",1,10,18,1,3,9,14,1,1
"317103020201","51986b54676d4e3085ac48d351aad29f",1,31,33,0,0,2,0,13,14
"317103020201","51986b54676d4e3085ac48d351aad29f",2,24,30,0,0,4,5,6,11
"417201010905","527a88628b1c4245adb71c4662a1af4e",2,,,,,,,,
"417201010905","527a88628b1c4245adb71c4662a1af4e",1,,,,,,,,
"403101020501","5300060198c04c3485bf13651c7b82d3",1,,,,,,,,
"403101020501","5300060198c04c3485bf13651c7b82d3",2,,,,,,,,
"116102050101","53fa8063d7db4987a04f9cae08506685",2,16,21,2,4,13,18,0,0
"116102050101","53fa8063d7db4987a04f9cae08506685",1,20,25,6,6,14,18,0,1
"230109050511","54d04063673a4a7ab972f1199ab4e1ff",2,6,9,0,0,0,0,0,1
"230109050511","54d04063673a4a7ab972f1199ab4e1ff",1,9,10,0,0,0,0,2,2
"115303050716","559f5482d2fa4c78972662ac4ceb915d",1,18,24,0,0,7,13,3,2
"115303050716","559f5482d2fa4c78972662ac4ceb915d",2,29,28,0,0,12,8,9,7
"418104030103","55b84b9565e64200bcc7eaa60d8418c4",1,,,,,,,,
"418104030103","55b84b9565e64200bcc7eaa60d8418c4",2,,,,,,,,
"323106040915","57061e3264f84996a2ba50e00b820c3d",1,18,21,0,0,14,15,4,3
"323106040915","57061e3264f84996a2ba50e00b820c3d",2,15,14,0,0,6,3,1,6
"419204020202","58cf916082f84b129b54810c4162440b",1,,,,,,,,
"419204020202","58cf916082f84b129b54810c4162440b",2,,,,,,,,
"414116010603","58d95fc307344244a2c14cfc7eea34f1",2,15,20,0,0,6,4,3,1
"414116010603","58d95fc307344244a2c14cfc7eea34f1",1,14,22,0,0,3,1,9,6
"215109020818","5b2bb8ba8da5434697e179c32987259f",2,17,28,0,0,9,8,7,11
"215109020818","5b2bb8ba8da5434697e179c32987259f",1,28,27,0,0,2,2,11,9
"112204030107","5b3c6ba74736462184fa8b7243f7bb77",2,,,,,,,,
"112204030107","5b3c6ba74736462184fa8b7243f7bb77",1,,,,,,,,
"409203050902","5c104965b50542969565c120c3357a43",1,13,19,0,0,4,3,4,5
"409203050902","5c104965b50542969565c120c3357a43",2,13,17,0,0,6,6,5,6
"319107020203","5c166c1642f340b8ba41cf7b91388623",2,15,7,0,0,8,1,4,2
"319107020203","5c166c1642f340b8ba41cf7b91388623",1,13,11,0,0,7,6,4,2
"115104030401","5f625ed846014f17a798653d56908b5a",1,,,,,,,,
"115104030401","5f625ed846014f17a798653d56908b5a",2,16,28,0,0,2,2,3,8
"303503041111","5f9671150b6c4d8d8f955faff27f799c",2,,,,,,,,
"303503041111","5f9671150b6c4d8d8f955faff27f799c",1,,,,,,,,
"204301010302","5f9c806271044865a1c49ca22b9b1289",2,65,45,3,2,25,20,10,18
"204301010302","5f9c806271044865a1c49ca22b9b1289",1,85,71,1,0,31,14,14,10
"302303070505","5fd0f31f330a49a79109ca76f86e31f4",2,31,32,1,1,25,18,3,8
"302303070505","5fd0f31f330a49a79109ca76f86e31f4",1,34,38,5,0,25,25,3,11
"110203060109","608bfd2bd5f84124be9fc9833b1caaac",2,14,7,0,0,13,6,1,1
"110203060109","608bfd2bd5f84124be9fc9833b1caaac",1,8,11,1,1,7,11,0,0
"405104020509","61dc08d3c51a46b88c52bb99d71911c2",2,7,6,0,0,3,1,1,4
"405104020509","61dc08d3c51a46b88c52bb99d71911c2",1,,,,,,,,
"212105040709","61e4b68c15e0457c9f6f2ff9180e9e7c",2,32,22,0,0,1,1,4,8
"212105040709","61e4b68c15e0457c9f6f2ff9180e9e7c",1,26,26,0,0,0,1,3,6
"115206030602","62af21468f5b4edb904b87aa88566ce0",1,42,50,12,9,25,31,3,8
"115206030602","62af21468f5b4edb904b87aa88566ce0",2,31,48,7,6,24,36,0,5
"211107030208","62f01c4bc6cf48c78a15d668e8e295ed",1,13,13,0,0,3,5,5,6
"211107030208","62f01c4bc6cf48c78a15d668e8e295ed",2,9,2,0,0,6,0,1,1
"417109040205","63ef3bf75fef4be68830b107eef9b96e",1,,,,,,,,
"417109040205","63ef3bf75fef4be68830b107eef9b96e",2,,,,,,,,
"226102050810","645e8f52e0284da1af7439cac3420432",2,27,32,1,0,6,4,11,10
"226102050810","645e8f52e0284da1af7439cac3420432",1,42,37,0,0,8,6,10,9
"412103070506","652892d80eef4dc886ac0f02c5e3747c",1,8,9,0,0,0,3,4,4
"412103070506","652892d80eef4dc886ac0f02c5e3747c",2,9,14,0,0,6,2,3,9
"423110010602","6576b15a95a04314b4f24e9060ca7bcb",1,8,9,0,0,2,5,2,3
"423110010602","6576b15a95a04314b4f24e9060ca7bcb",2,9,8,0,0,5,4,1,2
"214102020611","6596c2921b4f49fcb7fa17cfa9d0786a",2,12,9,0,0,4,0,2,3
"214102020611","6596c2921b4f49fcb7fa17cfa9d0786a",1,10,7,0,0,3,2,6,2
"222111021102","65e342045671412cbeb3d4ecbb507b80",2,34,26,0,0,14,10,11,7
"222111021102","65e342045671412cbeb3d4ecbb507b80",1,22,18,0,0,6,9,10,7
"108301010115","663e019dae8f42e4aa5daaedc81619c0",2,11,15,0,0,3,5,4,4
"108301010115","663e019dae8f42e4aa5daaedc81619c0",1,14,16,1,2,7,8,3,4
"320108080103","664e98a3af9c4657a4af8f3dfb526818",1,9,7,0,0,0,0,3,2
"320108080103","664e98a3af9c4657a4af8f3dfb526818",2,19,8,0,0,7,2,3,3
"104105040311","67ac1b9b59384c0caead6c62332352cd",1,8,16,0,0,2,7,6,8
"104105040311","67ac1b9b59384c0caead6c62332352cd",2,16,14,1,0,7,2,3,4
"306201010103","67d77e0fbf754e25affd8ba11aa608d4",2,30,19,2,0,27,17,0,2
"306201010103","67d77e0fbf754e25affd8ba11aa608d4",1,30,33,1,0,17,24,8,9
"215120020808","68984e8f107b4fcfbc983a0691df01bd",1,27,21,0,0,18,5,6,13
"215120020808","68984e8f107b4fcfbc983a0691df01bd",2,16,12,0,0,11,5,4,4
"112104021001","68b87f690c5e4d41b26440d4af920eff",2,,,,,,,,
"112104021001","68b87f690c5e4d41b26440d4af920eff",1,,,,,,,,
"203202030310","69fdbce170a34999b98ced8ce8ccb437",1,,,,,,,,
"203202030310","69fdbce170a34999b98ced8ce8ccb437",2,,,,,,,,
"406210060603","6aac54099d5446c99029c48d21edbab1",2,23,20,0,0,15,14,5,5
"406210060603","6aac54099d5446c99029c48d21edbab1",1,32,28,0,0,22,11,5,7
"418201020305","6be18dc7379a4d86ac204d6d08b614b7",2,10,9,0,0,7,8,2,1
"418201020305","6be18dc7379a4d86ac204d6d08b614b7",1,6,13,0,0,5,11,1,2
"306204010301","6cb2e1bf1182402dbb626c64f4ba2cfb",2,,,,,,,,
"306204010301","6cb2e1bf1182402dbb626c64f4ba2cfb",1,,,,,,,,
"318102020202","6d561d7e1bb34b0480b61373102428fd",2,,,,,,,,
"318102020202","6d561d7e1bb34b0480b61373102428fd",1,17,16,0,0,11,4,4,8
"411402020404","6d6546ea45a24ccf8284463ab31b6654",2,23,27,2,1,15,17,5,6
"411402020404","6d6546ea45a24ccf8284463ab31b6654",1,33,24,0,0,20,11,8,9
"223120020410","6e7a08685b68404b86a3cfd6815d3824",1,51,54,0,0,5,7,22,21
"223120020410","6e7a08685b68404b86a3cfd6815d3824",2,39,47,0,0,26,18,6,17
"214101060404","6ec8cecb648e4b6c974f20a8722affe1",2,197,110,6,4,66,52,12,20
"214101060404","6ec8cecb648e4b6c974f20a8722affe1",1,103,98,7,4,21,24,19,17
"103107020109","6fb3d5bdcb87496da47243e3711c1dc0",2,21,12,0,0,5,1,8,8
"103107020109","6fb3d5bdcb87496da47243e3711c1dc0",1,16,22,0,0,3,2,2,3
"403301030215","712dd05dfdf54bc4ab5eb46fc55e1e5a",1,,,,,,,,
"403301030215","712dd05dfdf54bc4ab5eb46fc55e1e5a",2,,,,,,,,
"113113020418","73b6584e55df47ef8692caed8625a956",1,95,76,37,28,53,45,3,2
"113113020418","73b6584e55df47ef8692caed8625a956",2,61,76,14,10,44,60,3,5
"111202061528","73edb914e5ec4a6c937147490826972f",1,33,38,0,0,7,12,9,14
"111202061528","73edb914e5ec4a6c937147490826972f",2,14,27,0,0,5,14,2,3
"102103120844","74879a9428874965ae87feacedc0f2b4",1,41,66,2,5,30,39,7,14
"102103120844","74879a9428874965ae87feacedc0f2b4",2,50,59,0,1,32,36,5,8
"314105010202","75df2b5c7d6b49258b3614c8243de9b7",1,30,20,0,0,4,2,15,17
"314105010202","75df2b5c7d6b49258b3614c8243de9b7",2,41,28,1,0,10,8,12,9
"225103041522","76a347dba3c945d9a2e4aae06a3c0037",1,14,15,0,0,0,0,1,2
"225103041522","76a347dba3c945d9a2e4aae06a3c0037",2,28,31,0,0,15,18,5,4
"412203040507","77b63a2a3a58466ca5b25c52c46907cb",1,11,16,2,0,4,1,5,8
"412203040507","77b63a2a3a58466ca5b25c52c46907cb",2,9,6,1,0,4,1,2,2
"106106060103","78b1f1144ce740d7ac6429052767b4a1",2,8,6,0,0,3,2,0,1
"106106060103","78b1f1144ce740d7ac6429052767b4a1",1,9,7,0,0,3,1,2,1
"315105030209","7934cfadf18a4020840735d003867847",1,15,12,0,0,2,1,7,1
"315105030209","7934cfadf18a4020840735d003867847",2,29,20,0,0,6,2,10,4
"113113060242","7a92a755edec4d6bae64f894ad5bc2f0",1,65,88,4,6,24,41,15,19
"113113060242","7a92a755edec4d6bae64f894ad5bc2f0",2,39,103,1,3,19,64,6,19
"415105020404","7af284e10f4046009386ca7cc0df56d7",2,94,86,4,0,84,81,4,4
"415105020404","7af284e10f4046009386ca7cc0df56d7",1,,,,,,,,
"122105020311","7b71511069ca41d7952c83c3004520f3",2,58,90,2,4,29,46,15,27
"122105020311","7b71511069ca41d7952c83c3004520f3",1,42,63,12,7,29,52,1,4
"304204020110","7b91ac7196d446f7b7c4c92f86fbac42",1,45,65,2,0,17,31,10,17
"304204020110","7b91ac7196d446f7b7c4c92f86fbac42",2,23,20,0,0,14,9,9,10
"204301030308","7ceaac984dc44338a95f7d19824a5621",1,27,16,0,0,7,6,5,6
"204301030308","7ceaac984dc44338a95f7d19824a5621",2,26,20,0,0,3,4,7,7
"203202040303","7f25311583624b7487a569df466b24ac",2,,,,,,,,
"203202040303","7f25311583624b7487a569df466b24ac",1,,,,,,,,
"407106021906","80c5e48699bc48b29bf11f38cdc04fc5",1,30,30,3,0,19,22,8,6
"407106021906","80c5e48699bc48b29bf11f38cdc04fc5",2,,,,,,,,
"112102030202","81def38cfed24edd80e47b293c3bc0b9",1,4,3,0,0,2,0,1,3
"112102030202","81def38cfed24edd80e47b293c3bc0b9",2,2,4,0,0,1,1,1,2
"306204020605","81f2300746cc4b068c95f765f2b403ba",2,16,8,0,0,11,2,5,2
"306204020605","81f2300746cc4b068c95f765f2b403ba",1,47,35,0,0,13,2,16,16
"410101040507","824efbe20846431fba549104887331e5",1,25,33,3,1,18,31,4,1
"410101040507","824efbe20846431fba549104887331e5",2,35,42,3,0,29,39,3,3
"102103050439","825a4d9c10674fb68ae9182bf65152ca",1,,,,,,,,
"102103050439","825a4d9c10674fb68ae9182bf65152ca",2,,,,,,,,
"309104050403","82e2ee46332f4f5c854335056696f881",1,31,21,0,0,14,7,12,6
"309104050403","82e2ee46332f4f5c854335056696f881",2,18,13,0,0,10,3,5,8
"324101011403","865a0a2dd0d442a6aeb227dbd3367b05",1,15,1,0,0,0,0,4,0
"324101011403","865a0a2dd0d442a6aeb227dbd3367b05",2,16,0,0,0,0,0,3,0
"117201050401","87d1a29404f24095af33c51ad6ddf04b",2,32,49,2,1,27,37,1,10
"117201050401","87d1a29404f24095af33c51ad6ddf04b",1,43,54,3,4,29,34,8,11
"318114020701","8b2193d437e64893a12f1635d1aae2bd",1,25,7,0,0,15,3,7,3
"318114020701","8b2193d437e64893a12f1635d1aae2bd",2,20,4,0,0,15,2,3,2
"211106070404","8c60b24c5d69459ab88587107842bf8a",1,1,23,0,0,11,14,6,3
"211106070404","8c60b24c5d69459ab88587107842bf8a",2,13,16,0,0,5,5,4,3
"406212010207","8da56015c708420985ff1484fc7d3201",2,20,22,0,0,4,4,4,5
"406212010207","8da56015c708420985ff1484fc7d3201",1,6,13,0,0,0,4,2,3
"102102060108","8ed0e75643204d23b4513def2c5cc970",1,41,33,1,0,18,12,14,9
"102102060108","8ed0e75643204d23b4513def2c5cc970",2,29,34,1,2,23,17,5,9
"110206030911","8f69cfcd9bea4a2a9339fd61390606cf",1,,,,,,,,
"110206030911","8f69cfcd9bea4a2a9339fd61390606cf",2,,,,,,,,
"105105020108","909b86e277fe480492fe605802d4b272",2,31,40,0,1,19,13,9,19
"105105020108","909b86e277fe480492fe605802d4b272",1,24,30,0,1,9,5,4,11
"125105010702","91e89e7118c041fba1ad3f88cbbfb499",1,9,14,0,0,3,7,3,6
"125105010702","91e89e7118c041fba1ad3f88cbbfb499",2,15,26,2,0,7,10,6,16
"226104040305","92722375ee7a4828bfbc6565b7a5e522",1,23,13,1,0,19,9,5,2
"226104040305","92722375ee7a4828bfbc6565b7a5e522",2,25,13,0,0,8,7,4,7
"311102010107","93268921598f4e95a6cbaa15387322f4",1,3,7,0,0,2,0,1,2
"311102010107","93268921598f4e95a6cbaa15387322f4",2,2,1,0,0,2,0,0,3
"303202060606","942d21651db14547a1a55d163147f3be",2,36,36,0,0,15,7,9,8
"303202060606","942d21651db14547a1a55d163147f3be",1,49,46,0,0,9,0,13,17
"422102010506","94a28a335ad8409da18694d554dc6a82",1,11,8,1,1,10,6,0,0
"422102010506","94a28a335ad8409da18694d554dc6a82",2,8,8,1,1,7,5,0,1
"224105051111","94ae3c15a2df427092546208e7da8501",1,,,,,,,,
"224105051111","94ae3c15a2df427092546208e7da8501",2,,,,,,,,
"210306040102","94d6a92de2aa41848c815b4f7ca810d6",1,24,23,0,0,2,1,7,10
"210306040102","94d6a92de2aa41848c815b4f7ca810d6",2,21,14,0,0,5,0,8,10
"410303060103","94e8fb8cab7846d5a723aa902f6d1e1e",2,,,,,,,,
"410303060103","94e8fb8cab7846d5a723aa902f6d1e1e",1,,,,,,,,
"124104040103","977cf8b59c214cd6806539e994d0a6d9",2,64,59,8,3,42,31,2,7
"124104040103","977cf8b59c214cd6806539e994d0a6d9",1,32,43,5,3,23,33,0,5
"405211011114","9836e079cdd949e5afc70c7dcb3980c3",2,17,39,0,0,16,38,1,1
"405211011114","9836e079cdd949e5afc70c7dcb3980c3",1,13,34,1,1,8,26,2,5
"318103020406","987cf3a3f3f04a53b6295c44afed7cec",1,19,7,0,0,7,1,4,3
"318103020406","987cf3a3f3f04a53b6295c44afed7cec",2,23,11,0,0,16,1,2,6
"312105020216","989fa310b63545678cb56e3f009ee547",2,13,5,0,0,7,2,5,2
"312105020216","989fa310b63545678cb56e3f009ee547",1,14,9,0,0,5,2,5,6
"124103021620","98c92ebc81274b48a478e3f3bdecc8d9",1,19,14,4,1,12,5,3,1
"124103021620","98c92ebc81274b48a478e3f3bdecc8d9",2,16,22,0,0,4,12,7,3
"417202010210","98ff8b8f68354855b3a47628eb2e3b13",1,,,,,,,,
"417202010210","98ff8b8f68354855b3a47628eb2e3b13",2,,,,,,,,
"113301050411","991ea35afb8c4a5a91bded275d3a43cb",2,91,77,8,12,58,44,20,18
"113301050411","991ea35afb8c4a5a91bded275d3a43cb",1,79,85,10,13,50,61,13,7
"232203040502","9ae38f33171f4fb89797a28ed8c32b32",1,18,19,0,0,17,17,1,2
"232203040502","9ae38f33171f4fb89797a28ed8c32b32",2,28,25,0,0,19,16,7,7
"102105040650","9b29a92d675346708b3ed22f07d63387",2,66,82,11,13,52,64,3,3
"102105040650","9b29a92d675346708b3ed22f07d63387",1,78,80,7,11,60,58,9,9
"111102010811","9c42c15316c04419af74c9404cb4c0f5",1,7,18,0,0,2,4,2,2
"111102010811","9c42c15316c04419af74c9404cb4c0f5",2,12,19,0,0,5,2,2,4
"214101040303","9c877a6abcc44e259474046f89edb89f",2,54,35,6,2,28,22,6,12
"214101040303","9c877a6abcc44e259474046f89edb89f",1,31,29,2,2,23,14,5,7
"102104190357","9ecbe56df9f249d3be5a6ba4df28dccc",1,18,37,2,3,7,18,6,11
"102104190357","9ecbe56df9f249d3be5a6ba4df28dccc",2,31,32,2,0,17,13,7,9
"327103030510","9ef24898f0e04e6f9f4c6561cca96f24",1,69,16,0,0,25,15,19,10
"327103030510","9ef24898f0e04e6f9f4c6561cca96f24",2,33,27,0,0,18,11,9,7
"304301040405","a0525377534b48f0bb0d4c99d963fda6",2,18,24,0,0,6,8,7,9
"304301040405","a0525377534b48f0bb0d4c99d963fda6",1,31,14,0,0,7,1,9,6
"204301020206","a221543631f54480bde0e51df15c6361",2,,,,,,,,
"204301020206","a221543631f54480bde0e51df15c6361",1,,,,,,,,
"307108030908","a29bda3a56964baba85e14f3c2abf988",2,17,29,0,0,6,4,2,8
"307108030908","a29bda3a56964baba85e14f3c2abf988",1,30,20,0,0,2,2,8,8
"321106010504","a3908ba3b92f4fef9ad80450371afeb4",2,22,16,0,0,8,2,5,7
"321106010504","a3908ba3b92f4fef9ad80450371afeb4",1,37,23,0,0,8,4,12,5
"418202010203","a5e08a9b241643949baeb09fac3ee420",1,15,19,,,,,,
"418202010203","a5e08a9b241643949baeb09fac3ee420",2,15,18,4,1,11,13,2,3
"108301050512","a93651e6ad8d4de2af53d25e4a9fc082",2,32,53,4,3,17,32,6,11
"108301050512","a93651e6ad8d4de2af53d25e4a9fc082",1,44,43,10,7,16,19,6,8
"322111041206","a9b092b3952f4ec082794dec24de21a1",2,,,,,,,,
"322111041206","a9b092b3952f4ec082794dec24de21a1",1,28,,0,0,,,,
"310202030204","aeefbdde40724ba291ecf85534647db2",1,11,12,0,0,3,1,1,3
"310202030204","aeefbdde40724ba291ecf85534647db2",2,7,3,0,0,3,0,1,0
"111202040320","b00970f7c1fd483599d25b5d7a2c0399",1,9,14,0,0,2,3,3,8
"111202040320","b00970f7c1fd483599d25b5d7a2c0399",2,12,41,0,0,6,9,2,17
"319203030409","b0b5ef4a81ee42299b12a7926ba93f4f",1,67,50,0,0,37,25,17,16
"319203030409","b0b5ef4a81ee42299b12a7926ba93f4f",2,71,58,1,0,58,31,9,15
"101204020501","b0cd107e76604c5c8367347965a11428",2,,,,,,,,
"101204020501","b0cd107e76604c5c8367347965a11428",1,,,,,,,,
"117302060527","b105a36a56b84f6ba66b7d1e2ffc388b",1,,,,,,,,
"117302060527","b105a36a56b84f6ba66b7d1e2ffc388b",2,,,,,,,,
"303402040806","b136b27d91194229a3d2dcf9252a325e",2,0,0,0,0,0,0,0,0
"303402040806","b136b27d91194229a3d2dcf9252a325e",1,0,0,0,0,0,0,0,0
"310306030909","b137ae14a69249ff994a536b0461599c",2,21,9,1,0,10,2,5,5
"310306030909","b137ae14a69249ff994a536b0461599c",1,21,9,0,0,6,4,11,1
"410201010654","b2e36352f5d9409abcd9ff6850c9a17f",1,,,,,,,,
"410201010654","b2e36352f5d9409abcd9ff6850c9a17f",2,,,,,,,,
"120106010101","b330812745fa4e77a5f536a967849f73",2,7,3,0,0,6,2,0,1
"120106010101","b330812745fa4e77a5f536a967849f73",1,8,1,0,0,6,0,2,1
"309103050101","b341d8d46699459d85270dbbf9234423",2,0,0,0,0,0,0,0,0
"309103050101","b341d8d46699459d85270dbbf9234423",1,42,16,1,0,5,1,16,4
"324104010503","b4251f797f5f4785bc4d7bf83cf21cad",1,,,,,,,,
"324104010503","b4251f797f5f4785bc4d7bf83cf21cad",2,,,,,,,,
"218103021305","b562c88957c5417886afa6977f5b2965",2,13,15,0,0,4,4,2,4
"218103021305","b562c88957c5417886afa6977f5b2965",1,28,35,0,0,,,,
"113301010130","b59699570a7a45afbefd3140dd85b87e",1,73,92,21,17,39,66,11,7
"113301010130","b59699570a7a45afbefd3140dd85b87e",2,86,86,12,20,66,58,5,6
"302204050508","b60db776f7044c0993c08a34296e7410",1,15,8,0,0,2,1,3,2
"302204050508","b60db776f7044c0993c08a34296e7410",2,,,,,,,,
"424105020201","b6beade8c2fb4ba7b72316080719a6ae",2,7,11,0,0,2,10,3,3
"424105020201","b6beade8c2fb4ba7b72316080719a6ae",1,12,13,0,0,8,10,4,3
"314101030304","b6c120c8e36f4d488a1d22da070a6a01",1,,,,,,,,
"314101030304","b6c120c8e36f4d488a1d22da070a6a01",2,,,,,,,,
"321105050214","b71b6b7c544e41fb929294eed370b7cf",1,27,22,0,0,7,2,9,7
"321105050214","b71b6b7c544e41fb929294eed370b7cf",2,35,23,0,0,13,4,11,7
"110306010205","b92db033a86e4abbae72c6347c5b82c8",1,29,37,12,17,15,19,1,2
"110306010205","b92db033a86e4abbae72c6347c5b82c8",2,32,35,5,1,26,30,1,3
"406201020310","bad2132fae8a42459b20c2aede01de05",1,22,15,1,1,18,13,2,0
"406201020310","bad2132fae8a42459b20c2aede01de05",2,20,25,0,0,20,20,0,3
"408102011215","bb6db2bb7e894ee6b96c81013a338db0",2,21,14,0,0,15,7,2,5
"408102011215","bb6db2bb7e894ee6b96c81013a338db0",1,21,19,0,0,6,3,5,5
"209201010506","bb91dac00ca941ac91a0e1569d4a6dc8",2,21,23,3,0,15,22,3,0
"209201010506","bb91dac00ca941ac91a0e1569d4a6dc8",1,31,40,1,0,17,26,10,9
"117301041137","bbb3f63e02a24e3db0e1e1e424e4a991",2,36,20,4,0,18,15,5,3
"117301041137","bbb3f63e02a24e3db0e1e1e424e4a991",1,18,33,1,1,9,16,3,10
"402210030714","bbd5aebfc1a54cf6826cbe7b44ec361d",2,,,,,,,,
"402210030714","bbd5aebfc1a54cf6826cbe7b44ec361d",1,,,,,,,,
"420107040304","bcc6e03bb2a543348878ca4889658ee5",2,13,23,2,0,8,12,1,6
"420107040304","bcc6e03bb2a543348878ca4889658ee5",1,9,7,0,0,1,2,3,2
"318112010303","bcf4623a365e43579a50ae7608a20bb4",2,15,4,1,0,10,1,4,2
"318112010303","bcf4623a365e43579a50ae7608a20bb4",1,12,6,0,0,11,3,0,2
"221109020302","bfade52afbbe499582123960bdf484ad",2,21,17,0,0,17,10,3,3
"221109020302","bfade52afbbe499582123960bdf484ad",1,14,21,0,0,6,12,5,3
"325103060113","bfc868c5c5914281b9d9bd1182bec578",2,22,15,0,0,6,0,4,4
"325103060113","bfc868c5c5914281b9d9bd1182bec578",1,29,8,0,0,5,0,11,1
"307108030304","c015bae305344f96818cc01ab60541c4",2,,,,,,,,
"307108030304","c015bae305344f96818cc01ab60541c4",1,,,,,,,,
"310306040802","c14a86da4ace4064b4410807ad90f8cc",1,20,13,0,0,5,3,8,5
"310306040802","c14a86da4ace4064b4410807ad90f8cc",2,20,17,0,0,3,1,7,11
"210306040101","c1a22955cf934b9386559182a0c46c8d",2,21,14,0,0,5,0,8,10
"210306040101","c1a22955cf934b9386559182a0c46c8d",1,24,27,0,0,2,1,7,10
"432205040203","c208d41946924e27803193316fe645f0",1,15,6,0,0,1,0,7,2
"432205040203","c208d41946924e27803193316fe645f0",2,12,8,0,0,4,1,4,2
"124108021108","c2a083238ac94fc8a0b48e3330a8a611",1,,,,,,,,
"124108021108","c2a083238ac94fc8a0b48e3330a8a611",2,,,,,,,,
"107402030203","c33561448066434395fe6c8445631c87",1,,,,,,,,
"107402030203","c33561448066434395fe6c8445631c87",2,32,50,1,0,15,31,5,7
"321103040514","c40d2554992447aaab0c9ed075204836",2,22,15,0,0,5,1,6,3
"321103040514","c40d2554992447aaab0c9ed075204836",1,30,14,0,0,3,2,4,2
"311103020202","c5a985e708a74594a6c4522354013a9a",1,18,7,1,0,6,3,6,3
"311103020202","c5a985e708a74594a6c4522354013a9a",2,6,11,1,0,4,4,0,3
"225114032604","c7bcab112852484b816748e5dc6c1d12",2,31,28,3,1,18,11,6,4
"225114032604","c7bcab112852484b816748e5dc6c1d12",1,25,32,7,3,11,15,4,4
"426202040101","c997c4379310457193d2e4fec060d957",2,9,13,0,1,7,9,2,3
"426202040101","c997c4379310457193d2e4fec060d957",1,16,9,2,2,11,7,3,0
"304102010107","c9f3e3b01148416390d788c451e83853",1,20,30,0,0,3,12,7,14
"304102010107","c9f3e3b01148416390d788c451e83853",2,20,37,0,0,10,9,3,15
"402208050714","ca4736d2f7a74a899d7997d614ac6c76",1,15,12,1,1,10,7,2,3
"402208050714","ca4736d2f7a74a899d7997d614ac6c76",2,16,18,0,0,16,14,1,0
"212202010105","caa6f80f888744d0aaaf2e19676dcd23",2,40,53,0,0,20,30,9,12
"212202010105","caa6f80f888744d0aaaf2e19676dcd23",1,39,72,1,0,13,12,17,16
"228102030405","cbe3a418c67c4370af13683f11d44636",1,52,81,3,1,17,19,9,20
"228102030405","cbe3a418c67c4370af13683f11d44636",2,74,48,1,0,32,21,18,7
"408113040517","cc8047dc8a484aaa9836d72178b1780c",2,16,10,0,0,2,0,6,1
"408113040517","cc8047dc8a484aaa9836d72178b1780c",1,12,9,0,0,5,3,3,6
"325107010301","cd1474d77fac421a97691e211fcbba4c",1,37,27,0,0,24,15,6,7
"325107010301","cd1474d77fac421a97691e211fcbba4c",2,23,19,0,0,17,11,3,3
"408112020621","ce05dd69d60e43e28966bf07a745ce3d",2,14,23,0,0,9,3,3,11
"408112020621","ce05dd69d60e43e28966bf07a745ce3d",1,27,50,0,0,9,12,8,15
"427202040214","ce31748c847d40a9ad2150a36c2438dc",1,10,20,0,2,6,9,0,3
"427202040214","ce31748c847d40a9ad2150a36c2438dc",2,11,12,0,0,2,10,5,1
"103105050501","cedfce2c57e641d18f8cb9d9c783e6a3",2,13,29,1,0,4,12,3,8
"103105050501","cedfce2c57e641d18f8cb9d9c783e6a3",1,28,44,4,1,10,18,10,9
"102105150507","d091d72bf34743fa8b42d63d78c6c4d2",2,149,225,13,6,83,117,23,53
"102105150507","d091d72bf34743fa8b42d63d78c6c4d2",1,157,227,3,7,49,71,41,58
"110204010703","d4e9ef0dc2b74bf38dcb92726ad41f5d",2,,,,,,,,
"110204010703","d4e9ef0dc2b74bf38dcb92726ad41f5d",1,11,15,2,0,7,14,1,0
"122102060404","d63a27ac1a6d4af89a64a7cbcd3d4291",1,,,,,,,,
"122102060404","d63a27ac1a6d4af89a64a7cbcd3d4291",2,,,,,,,,
"212104030611","d63ba4eb8a1c4a0e9cca5826e2affa7e",2,23,31,0,0,7,4,8,13
"212104030611","d63ba4eb8a1c4a0e9cca5826e2affa7e",1,25,29,1,0,9,7,6,8
"102102050406","d6aa486f005240b6b7cb24f89a40734e",1,12,13,11,13,1,0,0,0
"102102050406","d6aa486f005240b6b7cb24f89a40734e",2,10,17,8,12,2,5,0,0
"323108030411","d7b1236aabb94f6bb30da9c00b33bf61",2,44,7,0,0,5,3,8,11
"323108030411","d7b1236aabb94f6bb30da9c00b33bf61",1,32,17,0,0,2,1,10,5
"303504020504","d7df893335d04af7acb5f703066383af",2,21,23,0,0,13,4,6,6
"303504020504","d7df893335d04af7acb5f703066383af",1,19,15,0,0,2,6,7,9
"403105050205","d84f5f9e3a694d3ea5d8c6bc57726b98",2,8,17,0,0,3,13,1,4
"403105050205","d84f5f9e3a694d3ea5d8c6bc57726b98",1,10,11,0,0,1,2,3,2
"102103060631","d8e480e0083545f38d88e7ca1753924c",1,,,,,,,,
"102103060631","d8e480e0083545f38d88e7ca1753924c",2,,,,,,,,
"406303070608","d983e831143f41a08ffd423010b5dfa6",1,14,22,0,0,0,2,2,3
"406303070608","d983e831143f41a08ffd423010b5dfa6",2,42,68,7,9,26,45,4,7
"325101020514","da5e5ab5a00e480683eae461cba99b13",2,23,20,0,0,13,9,5,7
"325101020514","da5e5ab5a00e480683eae461cba99b13",1,22,7,0,0,4,1,10,3
"223126011515","da7a73e6a46542769c99839dcac87f10",2,,,,,,,,
"223126011515","da7a73e6a46542769c99839dcac87f10",1,,,,,,,,
"102103080303","db979bdcd2e148f98742974d2a4f9371",1,11,25,8,16,3,8,1,1
"102103080303","db979bdcd2e148f98742974d2a4f9371",2,19,19,16,14,3,5,0,0
"122106021812","dc1776a9a0e14f4582ec0425908ceea5",2,18,35,0,0,3,4,5,8
"122106021812","dc1776a9a0e14f4582ec0425908ceea5",1,8,14,0,0,1,3,6,5
"113111020505","dda5335ce205431184ce477ddbedbef7",2,52,68,1,2,42,45,6,16
"113111020505","dda5335ce205431184ce477ddbedbef7",1,62,75,3,3,32,22,16,27
"106101010605","df04ee2c0e3a4107a7da27f23f41944b",1,29,29,7,2,20,20,1,6
"106101010605","df04ee2c0e3a4107a7da27f23f41944b",2,38,40,2,2,32,25,3,4
"208102140202","dfbc222d6117426abcbd121d0593bce5",1,26,26,0,0,2,7,10,5
"208102140202","dfbc222d6117426abcbd121d0593bce5",2,21,13,0,0,6,2,6,5
"115303040507","e106494d0ae84f20a841ab351720b8aa",1,7,10,3,5,3,6,0,0
"115303040507","e106494d0ae84f20a841ab351720b8aa",2,,,,,,,,
"117106050206","e23a30e088d1453a8394085bff6af8dd",1,5,11,0,0,2,7,3,4
"117106050206","e23a30e088d1453a8394085bff6af8dd",2,10,8,0,0,1,1,1,2
"417107030404","e24222c61b9f4563830fe94cd944785c",1,,,,,,,,
"417107030404","e24222c61b9f4563830fe94cd944785c",2,,,,,,,,
"406108040102","e282714b05cb42bf8b20fc75e0473960",2,,,,,,,,
"406108040102","e282714b05cb42bf8b20fc75e0473960",1,,,,,,,,
"107403060301","e3166e34b04d473eb589f6a033ae53d2",1,76,97,2,0,38,30,24,28
"107403060301","e3166e34b04d473eb589f6a033ae53d2",2,80,75,6,0,46,45,13,16
"104102040606","e4d52a1c0a1148dc830cee53ef0df523",1,12,11,0,0,6,2,3,3
"104102040606","e4d52a1c0a1148dc830cee53ef0df523",2,9,16,0,0,7,6,0,7
"404403030304","e4ddc650064a4c0f89867f59f249801e",1,6,9,0,0,2,4,1,4
"404403030304","e4ddc650064a4c0f89867f59f249801e",2,7,14,0,0,5,3,0,1
"411203020101","e614b8ae67d44c8cbc5bf5aeccecc8f8",2,16,20,3,1,9,19,2,0
"411203020101","e614b8ae67d44c8cbc5bf5aeccecc8f8",1,15,15,4,0,8,8,2,7
"201210090210","e61b5559a1b4404bb4a22e8c657b33f1",1,,,,,,,,
"201210090210","e61b5559a1b4404bb4a22e8c657b33f1",2,,,,,,,,
"309204060609","e6d0819875ec42e4b949ea30d57fb7e3",1,17,10,0,0,1,1,8,6
"309204060609","e6d0819875ec42e4b949ea30d57fb7e3",2,15,14,1,0,6,7,4,6
"204101030213","e77d4f6292d24755b7b3c46d7261d6b2",1,,,,,,,,
"204101030213","e77d4f6292d24755b7b3c46d7261d6b2",2,,,,,,,,
"330110010403","e86a2ea031ca4f9cb0b66693561736c8",2,18,12,0,0,12,11,4,1
"330110010403","e86a2ea031ca4f9cb0b66693561736c8",1,21,18,1,0,7,6,10,7
"124107010620","e8b86f9566254e76af1d7fe3ff8524a9",2,22,24,0,0,5,7,3,8
"124107010620","e8b86f9566254e76af1d7fe3ff8524a9",1,26,34,0,0,19,23,6,7
"420108030901","e9acfec9f50e43a884c4db8e14f80beb",2,9,14,0,0,2,4,7,9
"420108030901","e9acfec9f50e43a884c4db8e14f80beb",1,9,16,0,0,0,0,7,5
"102105030701","e9e027640d2a4506aec7a34b6c679073",1,,,,,,,,
"102105030701","e9e027640d2a4506aec7a34b6c679073",2,,,,,,,,
"319105080306","e9ee6e0d15b54db2b26857f7ed93a52b",2,30,15,0,0,11,0,8,9
"319105080306","e9ee6e0d15b54db2b26857f7ed93a52b",1,25,16,0,0,11,3,5,8
"313102050501","eb8f3695097d4ec5a6d7c65858451483",2,,,,,,,,
"313102050501","eb8f3695097d4ec5a6d7c65858451483",1,28,29,0,0,4,4,9,5
"303204050605","ebb0b322a786451d9ec7603dc6731c31",1,46,54,0,0,29,18,14,24
"303204050605","ebb0b322a786451d9ec7603dc6731c31",2,39,51,1,0,33,38,5,8
"102104010236","ed628650c92d4517a20209c12a4e6606",1,59,51,3,1,24,16,13,15
"102104010236","ed628650c92d4517a20209c12a4e6606",2,34,42,0,0,20,40,8,7
"405301040904","ee245be814ce483aa8b66c3b2b0b6216",1,,,,,,,,
"405301040904","ee245be814ce483aa8b66c3b2b0b6216",2,,,,,,,,
"223135040509","ef0a2c1050d9446fa88afe6aaecd83fb",1,,,,,,,,
"223135040509","ef0a2c1050d9446fa88afe6aaecd83fb",2,,,,,,,,
"108106030909","f11ff6935d374a37bd9267163c43ea0e",1,26,25,0,0,7,8,9,6
"108106030909","f11ff6935d374a37bd9267163c43ea0e",2,9,16,0,0,5,4,3,10
"428111030515","f2753e0a1ee1407cbf044f9bf4084302",1,19,9,0,0,9,1,7,1
"428111030515","f2753e0a1ee1407cbf044f9bf4084302",2,15,30,0,0,6,9,6,12
"219103120104","f310f9362b1e4295837d273e1b467904",1,5,31,0,1,5,30,0,0
"219103120104","f310f9362b1e4295837d273e1b467904",2,29,27,0,0,14,20,15,7
"223121010401","f4f37a3e35c44dc4924cadb9b8f38a0c",1,28,26,0,0,6,6,15,7
"223121010401","f4f37a3e35c44dc4924cadb9b8f38a0c",2,12,15,0,0,6,9,4,5
"214114030515","f7c8666f68b24340884eb314238f39c2",2,55,59,11,7,42,60,1,1
"214114030515","f7c8666f68b24340884eb314238f39c2",1,58,57,13,6,38,49,1,4
"415106081213","fa6d43e574104dbeaabc1c15d349f6b4",2,14,20,0,1,14,18,0,1
"415106081213","fa6d43e574104dbeaabc1c15d349f6b4",1,10,24,0,0,4,12,5,6
"418209070214","fad0449bb4f0427aa9434d98c5e8ddf5",1,4,11,0,0,0,1,1,1
"418209070214","fad0449bb4f0427aa9434d98c5e8ddf5",2,7,8,0,0,1,0,2,2
"415110040403","fbdb75a9b0ab4f63b55032a65a48dc0f",2,18,21,0,0,10,10,4,5
"415110040403","fbdb75a9b0ab4f63b55032a65a48dc0f",1,,,,,,,,
"417102010602","fc8c4458e87f4d78814c817cd3bb82f9",1,7,1,0,0,0,0,2,0
"417102010602","fc8c4458e87f4d78814c817cd3bb82f9",2,14,8,0,0,0,0,0,3
"314103040301","fd96d6f934ab45739d166b07618b3031",1,42,26,2,1,41,21,1,2
"314103040301","fd96d6f934ab45739d166b07618b3031",2,33,17,1,0,30,14,2,3
"207104010604","fe36e5eff69c4cb2959c1c44ea20f418",1,18,3,0,0,2,0,12,3
"207104010604","fe36e5eff69c4cb2959c1c44ea20f418",2,9,6,0,0,4,2,6,3
"208107130101","ff38ebd77e0b421a8e2cc2c790ae9232",2,25,20,0,0,4,13,11,7
"208107130101","ff38ebd77e0b421a8e2cc2c790ae9232",1,15,20,0,0,2,4,6,11
"102103010916","ffc83c8361694f8081915379007bb634",2,126,178,7,3,58,100,32,20
"102103010916","ffc83c8361694f8081915379007bb634",1,83,104,7,8,39,48,11,17
