"Final_EA_code","interview__id","Position_id","s3q43a","s3q43b"
"410201010733","05a0fe0e9f714c0b84f108d501df571a",2,0,0
"410201010733","05a0fe0e9f714c0b84f108d501df571a",0,5,0
"410201010733","05a0fe0e9f714c0b84f108d501df571a",1,8,2
"223121030202","05f078de3c20400bb66156c3a52d43ec",2,0,0
"223121030202","05f078de3c20400bb66156c3a52d43ec",0,11,3
"223121030202","05f078de3c20400bb66156c3a52d43ec",1,4,0
"415114070301","07ae8f7297234aee97940f7561f48346",2,0,0
"415114070301","07ae8f7297234aee97940f7561f48346",1,5,0
"415114070301","07ae8f7297234aee97940f7561f48346",0,5,1
"204102040514","0878b9ca320646cbb31fafb49df1a623",1,15,0
"204102040514","0878b9ca320646cbb31fafb49df1a623",0,13,0
"204102040514","0878b9ca320646cbb31fafb49df1a623",2,0,0
"307202030201","09bfa283100c462d998e21c567116948",0,12,0
"307202030201","09bfa283100c462d998e21c567116948",1,12,6
"307202030201","09bfa283100c462d998e21c567116948",2,0,0
"107302030503","0aee3535b7234e049787609e8776fee8",1,7,0
"107302030503","0aee3535b7234e049787609e8776fee8",0,3,7
"107302030503","0aee3535b7234e049787609e8776fee8",2,1,0
"117202080201","0b08b47250b441e9a1cef5e119453e39",0,4,2
"117202080201","0b08b47250b441e9a1cef5e119453e39",2,0,0
"117202080201","0b08b47250b441e9a1cef5e119453e39",1,3,2
"204203010514","0c7be6801de643efa91970a69114cead",0,,
"204203010514","0c7be6801de643efa91970a69114cead",1,,
"204203010514","0c7be6801de643efa91970a69114cead",2,,
"313104010108","0d07cf9a197b4eaa9ba64ed29c9134ad",0,5,0
"313104010108","0d07cf9a197b4eaa9ba64ed29c9134ad",2,0,0
"313104010108","0d07cf9a197b4eaa9ba64ed29c9134ad",1,9,6
"118101041020","0d35d167e05a48cabed55225424424cf",2,0,0
"118101041020","0d35d167e05a48cabed55225424424cf",1,8,0
"118101041020","0d35d167e05a48cabed55225424424cf",0,3,0
"102104081332","0e0a6e4e61be4e86827a616c7e49c88b",0,1,0
"102104081332","0e0a6e4e61be4e86827a616c7e49c88b",2,6,0
"102104081332","0e0a6e4e61be4e86827a616c7e49c88b",1,6,0
"113105050532","103ae2d40d654ba6ae6314c148087521",2,0,0
"113105050532","103ae2d40d654ba6ae6314c148087521",1,12,10
"113105050532","103ae2d40d654ba6ae6314c148087521",0,11,5
"317101010205","104d7f9eb5cc42939d5b89074e036cb9",2,0,0
"317101010205","104d7f9eb5cc42939d5b89074e036cb9",1,8,5
"317101010205","104d7f9eb5cc42939d5b89074e036cb9",0,6,0
"232101040606","1058921f8e3e4719beb3f8c64572daf1",0,4,0
"232101040606","1058921f8e3e4719beb3f8c64572daf1",2,0,0
"232101040606","1058921f8e3e4719beb3f8c64572daf1",1,5,4
"311105051111","10e47f214cb7482aa3d9da38fbb07f61",0,,
"311105051111","10e47f214cb7482aa3d9da38fbb07f61",2,,
"311105051111","10e47f214cb7482aa3d9da38fbb07f61",1,,
"308102060619","1124288a21f7429c8e9307a11291b298",1,18,0
"308102060619","1124288a21f7429c8e9307a11291b298",2,0,0
"308102060619","1124288a21f7429c8e9307a11291b298",0,9,0
"327106020513","11324295e37b4bd8b91976e0d5e61df7",2,7,0
"327106020513","11324295e37b4bd8b91976e0d5e61df7",0,2,3
"327106020513","11324295e37b4bd8b91976e0d5e61df7",1,9,2
"219103170202","14b0a6db23fb42a683d40499e0651e1a",1,10,0
"219103170202","14b0a6db23fb42a683d40499e0651e1a",0,5,0
"219103170202","14b0a6db23fb42a683d40499e0651e1a",2,0,0
"115202070303","14c013df40e448d49e47f95ceab9d37e",1,5,0
"115202070303","14c013df40e448d49e47f95ceab9d37e",2,0,0
"115202070303","14c013df40e448d49e47f95ceab9d37e",0,3,0
"303404030404","1559b44962074f1fa1de10a1c4794e7f",0,7,0
"303404030404","1559b44962074f1fa1de10a1c4794e7f",2,0,0
"303404030404","1559b44962074f1fa1de10a1c4794e7f",1,8,14
"113105040201","15d825f70832453c8d77d9b0db1b716f",2,0,0
"113105040201","15d825f70832453c8d77d9b0db1b716f",1,4,0
"113105040201","15d825f70832453c8d77d9b0db1b716f",0,3,5
"223128010204","15daaf897d21429892bdbf6e9764ae66",0,3,6
"223128010204","15daaf897d21429892bdbf6e9764ae66",1,7,0
"223128010204","15daaf897d21429892bdbf6e9764ae66",2,0,0
"322108020610","165176d72b6e412cad2ebc29b0a29ee2",2,0,0
"322108020610","165176d72b6e412cad2ebc29b0a29ee2",1,9,7
"322108020610","165176d72b6e412cad2ebc29b0a29ee2",0,4,0
"102104020313","179be7cbf9884e01833685dd902c2f22",2,,
"102104020313","179be7cbf9884e01833685dd902c2f22",1,,
"102104020313","179be7cbf9884e01833685dd902c2f22",0,,
"113604010110","17ad285d62d7499fa34b4a79740f73fd",1,8,0
"113604010110","17ad285d62d7499fa34b4a79740f73fd",2,0,0
"113604010110","17ad285d62d7499fa34b4a79740f73fd",0,6,0
"221109050505","18cad48cbad4438ab7b9524abfdc566e",1,6,19
"221109050505","18cad48cbad4438ab7b9524abfdc566e",0,15,0
"221109050505","18cad48cbad4438ab7b9524abfdc566e",2,0,0
"123110030105","19e17412e1bb4367904771f4b7d723b1",1,7,0
"123110030105","19e17412e1bb4367904771f4b7d723b1",2,0,0
"123110030105","19e17412e1bb4367904771f4b7d723b1",0,4,0
"307108020605","1a7113db20214db7abccd7c463c86c4c",0,8,0
"307108020605","1a7113db20214db7abccd7c463c86c4c",2,0,0
"307108020605","1a7113db20214db7abccd7c463c86c4c",1,10,6
"226105051005","1abf78b9247749bf82b6875f5fa2caac",0,6,0
"226105051005","1abf78b9247749bf82b6875f5fa2caac",2,0,0
"226105051005","1abf78b9247749bf82b6875f5fa2caac",1,6,3
"415115040706","1b8cc2c217144817bece19f488026244",1,15,0
"415115040706","1b8cc2c217144817bece19f488026244",0,2,5
"415115040706","1b8cc2c217144817bece19f488026244",2,0,0
"310102021618","1d1c39bd455d40e7adb33093f06cefb2",2,0,0
"310102021618","1d1c39bd455d40e7adb33093f06cefb2",1,7,9
"310102021618","1d1c39bd455d40e7adb33093f06cefb2",0,2,0
"208202080102","1eb5ffb1eeb14468bc6eb36b5bb54ef5",2,0,0
"208202080102","1eb5ffb1eeb14468bc6eb36b5bb54ef5",1,11,1
"208202080102","1eb5ffb1eeb14468bc6eb36b5bb54ef5",0,7,0
"323104030201","1f82d12a97c547288165584527f40a15",1,18,5
"323104030201","1f82d12a97c547288165584527f40a15",2,0,0
"323104030201","1f82d12a97c547288165584527f40a15",0,1,0
"303201020510","1f9751e8115d473c98fdd74d60bf3cfe",1,,
"303201020510","1f9751e8115d473c98fdd74d60bf3cfe",2,,
"303201020510","1f9751e8115d473c98fdd74d60bf3cfe",0,,
"411403030809","20b3dc70a2ef47ffab2bc7cf0cfde6b0",0,,
"411403030809","20b3dc70a2ef47ffab2bc7cf0cfde6b0",1,,
"411403030809","20b3dc70a2ef47ffab2bc7cf0cfde6b0",2,,
"107305070203","22079ff2853f489cae51dabb6c99470d",0,5,3
"107305070203","22079ff2853f489cae51dabb6c99470d",2,1,0
"107305070203","22079ff2853f489cae51dabb6c99470d",1,5,0
"403201020515","22305ac5a3e1460c98eca90206d5b6bc",2,,
"403201020515","22305ac5a3e1460c98eca90206d5b6bc",0,,
"403201020515","22305ac5a3e1460c98eca90206d5b6bc",1,,
"102105010613","2298e1b9396042d282a34faa2bbeac2d",1,3,6
"102105010613","2298e1b9396042d282a34faa2bbeac2d",0,4,0
"102105010613","2298e1b9396042d282a34faa2bbeac2d",2,0,0
"215115020203","23f6bb268b504e58856725154c372561",1,6,1
"215115020203","23f6bb268b504e58856725154c372561",0,8,0
"215115020203","23f6bb268b504e58856725154c372561",2,0,0
"230105040506","24dff56428de471c8f2d55dc2ad1600a",1,,
"230105040506","24dff56428de471c8f2d55dc2ad1600a",0,,
"230105040506","24dff56428de471c8f2d55dc2ad1600a",2,,
"102101080210","2687e3cb2fe0474abeda57d9a8c8ad32",1,,
"102101080210","2687e3cb2fe0474abeda57d9a8c8ad32",0,,
"102101080210","2687e3cb2fe0474abeda57d9a8c8ad32",2,,
"216202030604","26be7462ce5e43d3b0b9cfdda3680cda",2,0,0
"216202030604","26be7462ce5e43d3b0b9cfdda3680cda",1,8,9
"216202030604","26be7462ce5e43d3b0b9cfdda3680cda",0,3,14
"404102030405","26eef9075b7349a0b4525e9ba09468a2",1,6,0
"404102030405","26eef9075b7349a0b4525e9ba09468a2",0,3,0
"404102030405","26eef9075b7349a0b4525e9ba09468a2",2,0,0
"409101040104","26f0c6653b8b4c1bad87410d14d90552",0,,
"409101040104","26f0c6653b8b4c1bad87410d14d90552",1,,
"409101040104","26f0c6653b8b4c1bad87410d14d90552",2,,
"119104030404","293ecee7a80a482c9e10d861a7ee9c7c",0,5,0
"119104030404","293ecee7a80a482c9e10d861a7ee9c7c",1,2,0
"119104030404","293ecee7a80a482c9e10d861a7ee9c7c",2,0,0
"422107010808","29cc9b2639524c459e1b9c4f9837262e",2,3,0
"422107010808","29cc9b2639524c459e1b9c4f9837262e",1,5,2
"422107010808","29cc9b2639524c459e1b9c4f9837262e",0,4,3
"117302030901","2b8544e9cb7347bdb22735d3564fdf4e",1,,
"117302030901","2b8544e9cb7347bdb22735d3564fdf4e",0,,
"117302030901","2b8544e9cb7347bdb22735d3564fdf4e",2,,
"102105130528","2bc65237da7d4f7995d38281b77b1e4b",1,1,5
"102105130528","2bc65237da7d4f7995d38281b77b1e4b",2,0,0
"102105130528","2bc65237da7d4f7995d38281b77b1e4b",0,12,0
"102105100433","2bea2c4985dd4f418a8c387b21ac7fbb",1,15,0
"102105100433","2bea2c4985dd4f418a8c387b21ac7fbb",0,10,7
"102105100433","2bea2c4985dd4f418a8c387b21ac7fbb",2,0,0
"107202060102","2c4950efbc4f485ca7901eed4a944579",0,2,6
"107202060102","2c4950efbc4f485ca7901eed4a944579",2,0,0
"107202060102","2c4950efbc4f485ca7901eed4a944579",1,6,0
"205107030213","2c5000cc7fa54db897421cefd55bae85",0,4,5
"205107030213","2c5000cc7fa54db897421cefd55bae85",2,2,0
"205107030213","2c5000cc7fa54db897421cefd55bae85",1,5,5
"330107010101","2c7dff734efc4ccb991e6cba613ab077",1,19,1
"330107010101","2c7dff734efc4ccb991e6cba613ab077",0,3,0
"330107010101","2c7dff734efc4ccb991e6cba613ab077",2,0,0
"303404010207","2c8f787219df44ad88f08faf238da056",0,3,0
"303404010207","2c8f787219df44ad88f08faf238da056",2,2,0
"303404010207","2c8f787219df44ad88f08faf238da056",1,4,8
"417103010710","2d21136097a4458a990cfe6f52865418",2,0,0
"417103010710","2d21136097a4458a990cfe6f52865418",1,5,0
"417103010710","2d21136097a4458a990cfe6f52865418",0,3,0
"124101050211","2f0258e282264dd6be94505229e6d055",2,0,0
"124101050211","2f0258e282264dd6be94505229e6d055",0,6,0
"124101050211","2f0258e282264dd6be94505229e6d055",1,8,0
"102102080506","2f3dadda9c4d49b89b8f3d25ecf05ddc",1,20,2
"102102080506","2f3dadda9c4d49b89b8f3d25ecf05ddc",2,0,0
"102102080506","2f3dadda9c4d49b89b8f3d25ecf05ddc",0,12,0
"106101090206","303f41c72565478cbb227a5e342ebc3e",0,6,2
"106101090206","303f41c72565478cbb227a5e342ebc3e",2,1,0
"106101090206","303f41c72565478cbb227a5e342ebc3e",1,2,0
"320102040601","30b9d5e1f9fe43dd8a86e6563a69e79a",0,5,0
"320102040601","30b9d5e1f9fe43dd8a86e6563a69e79a",2,0,0
"320102040601","30b9d5e1f9fe43dd8a86e6563a69e79a",1,19,4
"405302030405","30fa92d582c34ffb8cd59644c7cc475f",2,0,0
"405302030405","30fa92d582c34ffb8cd59644c7cc475f",1,9,0
"405302030405","30fa92d582c34ffb8cd59644c7cc475f",0,9,9
"318116050101","312a435313e24061969eab79d4d65731",1,8,2
"318116050101","312a435313e24061969eab79d4d65731",0,2,6
"318116050101","312a435313e24061969eab79d4d65731",2,1,0
"110207040309","31a3f66b54524494a74c267e31e91d05",0,2,6
"110207040309","31a3f66b54524494a74c267e31e91d05",2,0,0
"110207040309","31a3f66b54524494a74c267e31e91d05",1,8,0
"218115040101","32bb43e6ccef425296ce50b454dcdcf2",1,7,0
"218115040101","32bb43e6ccef425296ce50b454dcdcf2",0,0,4
"218115040101","32bb43e6ccef425296ce50b454dcdcf2",2,0,0
"115103020402","34533291de9b4e30a46add0d31cb8f27",2,0,0
"115103020402","34533291de9b4e30a46add0d31cb8f27",0,5,4
"115103020402","34533291de9b4e30a46add0d31cb8f27",1,2,0
"226101010214","349edf6fc6cb49ddb9bfeb044f66c642",1,8,0
"226101010214","349edf6fc6cb49ddb9bfeb044f66c642",2,0,0
"226101010214","349edf6fc6cb49ddb9bfeb044f66c642",0,3,0
"302201050803","34efbcdf896549f7b8f690de4d3ebdf7",0,1,0
"302201050803","34efbcdf896549f7b8f690de4d3ebdf7",1,17,6
"302201050803","34efbcdf896549f7b8f690de4d3ebdf7",2,0,0
"409301030405","362ff1525f0b427ebc84612761e41586",1,,
"409301030405","362ff1525f0b427ebc84612761e41586",2,,
"409301030405","362ff1525f0b427ebc84612761e41586",0,,
"302101021503","369a2e686b0641f08735d83c69d92007",1,13,4
"302101021503","369a2e686b0641f08735d83c69d92007",0,2,0
"302101021503","369a2e686b0641f08735d83c69d92007",2,0,0
"311202010102","37c7d386630e44f0b224b90b5746a370",1,12,0
"311202010102","37c7d386630e44f0b224b90b5746a370",0,4,5
"311202010102","37c7d386630e44f0b224b90b5746a370",2,0,0
"321107061709","391f45ad2d3548e1a27bd7652fb6719f",2,0,0
"321107061709","391f45ad2d3548e1a27bd7652fb6719f",1,8,3
"321107061709","391f45ad2d3548e1a27bd7652fb6719f",0,5,0
"113406060107","39627200a32c4626bb07b5c5e5a292e7",2,0,0
"113406060107","39627200a32c4626bb07b5c5e5a292e7",0,3,0
"113406060107","39627200a32c4626bb07b5c5e5a292e7",1,23,0
"230105010304","39e38a8716404f4f8588e28c28dbc0d7",1,6,2
"230105010304","39e38a8716404f4f8588e28c28dbc0d7",2,0,3
"230105010304","39e38a8716404f4f8588e28c28dbc0d7",0,3,2
"302205050202","3a542ba2ee9a46dcb7835e47f9c7612c",2,0,0
"302205050202","3a542ba2ee9a46dcb7835e47f9c7612c",1,11,6
"302205050202","3a542ba2ee9a46dcb7835e47f9c7612c",0,3,0
"404207040904","3ac09195350c451580bdcc430347f62d",1,13,0
"404207040904","3ac09195350c451580bdcc430347f62d",0,6,0
"404207040904","3ac09195350c451580bdcc430347f62d",2,0,0
"329106020616","3b3c7af2481243f894a3a0b95ecb924a",2,0,0
"329106020616","3b3c7af2481243f894a3a0b95ecb924a",1,9,1
"329106020616","3b3c7af2481243f894a3a0b95ecb924a",0,2,0
"325103060210","3ce08aeb981a41a5bc347d2a41198d4c",1,13,7
"325103060210","3ce08aeb981a41a5bc347d2a41198d4c",2,0,0
"325103060210","3ce08aeb981a41a5bc347d2a41198d4c",0,3,0
"211105030205","3cf0a1fa46ae46828806f8595135cb16",0,5,4
"211105030205","3cf0a1fa46ae46828806f8595135cb16",2,0,0
"211105030205","3cf0a1fa46ae46828806f8595135cb16",1,5,0
"204302051318","3d61703566614f43b422c80f897bc1e4",1,11,0
"204302051318","3d61703566614f43b422c80f897bc1e4",2,0,5
"204302051318","3d61703566614f43b422c80f897bc1e4",0,6,1
"223108100606","3f41cdc7f4484a90894f7afe2a53b89b",1,9,0
"223108100606","3f41cdc7f4484a90894f7afe2a53b89b",0,3,1
"223108100606","3f41cdc7f4484a90894f7afe2a53b89b",2,0,0
"104104030820","40927a9f8da44e0980c45b12154cbe6e",0,,
"104104030820","40927a9f8da44e0980c45b12154cbe6e",1,,
"104104030820","40927a9f8da44e0980c45b12154cbe6e",2,,
"303405071314","41d507da42f24faaa7e7d79bf789ee25",2,1,0
"303405071314","41d507da42f24faaa7e7d79bf789ee25",0,2,0
"303405071314","41d507da42f24faaa7e7d79bf789ee25",1,5,4
"203301010111","44c8e8b546fa4e92b4e149105804a139",2,,
"203301010111","44c8e8b546fa4e92b4e149105804a139",1,,
"203301010111","44c8e8b546fa4e92b4e149105804a139",0,,
"202205030602","4582b29c263744c49916b533238ce553",1,5,6
"202205030602","4582b29c263744c49916b533238ce553",2,3,1
"202205030602","4582b29c263744c49916b533238ce553",0,10,2
"229104021009","45e2495043be477d9602ba8645c8bf4a",1,,
"229104021009","45e2495043be477d9602ba8645c8bf4a",2,,
"229104021009","45e2495043be477d9602ba8645c8bf4a",0,,
"411302020404","468987393fd44482ae5a32350511eae9",0,4,0
"411302020404","468987393fd44482ae5a32350511eae9",1,4,2
"411302020404","468987393fd44482ae5a32350511eae9",2,0,0
"412201070408","46bc8364e56f4e2ab24e7cb582ffa6f5",2,0,0
"412201070408","46bc8364e56f4e2ab24e7cb582ffa6f5",0,4,0
"412201070408","46bc8364e56f4e2ab24e7cb582ffa6f5",1,2,2
"405203030403","481f3d44d4074b55b71c4bd5c9624349",0,1,9
"405203030403","481f3d44d4074b55b71c4bd5c9624349",2,0,0
"405203030403","481f3d44d4074b55b71c4bd5c9624349",1,9,0
"124101050312","49123f99dd9b4867a7ae5242708194e8",1,,
"124101050312","49123f99dd9b4867a7ae5242708194e8",0,,
"124101050312","49123f99dd9b4867a7ae5242708194e8",2,,
"317107051210","4936d20fd0be487bb99a45cce8212c35",1,10,8
"317107051210","4936d20fd0be487bb99a45cce8212c35",2,0,0
"317107051210","4936d20fd0be487bb99a45cce8212c35",0,6,0
"104208040401","49d2684cbd464eefb0be494729d22b00",1,27,0
"104208040401","49d2684cbd464eefb0be494729d22b00",0,11,0
"104208040401","49d2684cbd464eefb0be494729d22b00",2,0,0
"102103041252","4af38353df164c5899db4e345313f601",2,,
"102103041252","4af38353df164c5899db4e345313f601",1,,
"102103041252","4af38353df164c5899db4e345313f601",0,,
"306203010305","4b14fdfdc4154af5a1bcb1b438adbdae",2,0,0
"306203010305","4b14fdfdc4154af5a1bcb1b438adbdae",0,2,5
"306203010305","4b14fdfdc4154af5a1bcb1b438adbdae",1,8,0
"201203010310","4dd40973252a4df3b81cc3878d136268",0,5,0
"201203010310","4dd40973252a4df3b81cc3878d136268",1,4,1
"201203010310","4dd40973252a4df3b81cc3878d136268",2,3,0
"212305020404","4e6fd738620241a78230c9437484db77",0,2,0
"212305020404","4e6fd738620241a78230c9437484db77",2,0,0
"212305020404","4e6fd738620241a78230c9437484db77",1,9,2
"110305010603","50a0e9476f3f4947b4d66dd8a705c802",0,6,0
"110305010603","50a0e9476f3f4947b4d66dd8a705c802",2,0,0
"110305010603","50a0e9476f3f4947b4d66dd8a705c802",1,9,0
"317103020201","51986b54676d4e3085ac48d351aad29f",1,5,8
"317103020201","51986b54676d4e3085ac48d351aad29f",2,0,0
"317103020201","51986b54676d4e3085ac48d351aad29f",0,6,0
"417201010905","527a88628b1c4245adb71c4662a1af4e",2,,
"417201010905","527a88628b1c4245adb71c4662a1af4e",0,,
"417201010905","527a88628b1c4245adb71c4662a1af4e",1,,
"403101020501","5300060198c04c3485bf13651c7b82d3",1,,
"403101020501","5300060198c04c3485bf13651c7b82d3",0,,
"403101020501","5300060198c04c3485bf13651c7b82d3",2,,
"116102050101","53fa8063d7db4987a04f9cae08506685",1,4,1
"116102050101","53fa8063d7db4987a04f9cae08506685",2,1,0
"116102050101","53fa8063d7db4987a04f9cae08506685",0,3,0
"230109050511","54d04063673a4a7ab972f1199ab4e1ff",1,5,3
"230109050511","54d04063673a4a7ab972f1199ab4e1ff",0,2,5
"230109050511","54d04063673a4a7ab972f1199ab4e1ff",2,2,0
"115303050716","559f5482d2fa4c78972662ac4ceb915d",0,1,7
"115303050716","559f5482d2fa4c78972662ac4ceb915d",1,6,0
"115303050716","559f5482d2fa4c78972662ac4ceb915d",2,0,0
"418104030103","55b84b9565e64200bcc7eaa60d8418c4",1,7,2
"418104030103","55b84b9565e64200bcc7eaa60d8418c4",2,0,0
"418104030103","55b84b9565e64200bcc7eaa60d8418c4",0,1,0
"323106040915","57061e3264f84996a2ba50e00b820c3d",2,0,0
"323106040915","57061e3264f84996a2ba50e00b820c3d",0,1,0
"323106040915","57061e3264f84996a2ba50e00b820c3d",1,10,5
"419204020202","58cf916082f84b129b54810c4162440b",2,,
"419204020202","58cf916082f84b129b54810c4162440b",1,,
"419204020202","58cf916082f84b129b54810c4162440b",0,,
"414116010603","58d95fc307344244a2c14cfc7eea34f1",1,5,2
"414116010603","58d95fc307344244a2c14cfc7eea34f1",2,0,0
"414116010603","58d95fc307344244a2c14cfc7eea34f1",0,4,0
"215109020818","5b2bb8ba8da5434697e179c32987259f",0,3,0
"215109020818","5b2bb8ba8da5434697e179c32987259f",2,0,0
"215109020818","5b2bb8ba8da5434697e179c32987259f",1,12,0
"112204030107","5b3c6ba74736462184fa8b7243f7bb77",0,,
"112204030107","5b3c6ba74736462184fa8b7243f7bb77",1,,
"112204030107","5b3c6ba74736462184fa8b7243f7bb77",2,,
"409203050902","5c104965b50542969565c120c3357a43",2,0,0
"409203050902","5c104965b50542969565c120c3357a43",0,4,8
"409203050902","5c104965b50542969565c120c3357a43",1,8,0
"319107020203","5c166c1642f340b8ba41cf7b91388623",1,9,2
"319107020203","5c166c1642f340b8ba41cf7b91388623",0,4,0
"319107020203","5c166c1642f340b8ba41cf7b91388623",2,0,0
"115104030401","5f625ed846014f17a798653d56908b5a",0,4,0
"115104030401","5f625ed846014f17a798653d56908b5a",2,0,0
"115104030401","5f625ed846014f17a798653d56908b5a",1,6,0
"303503041111","5f9671150b6c4d8d8f955faff27f799c",1,,
"303503041111","5f9671150b6c4d8d8f955faff27f799c",0,,
"303503041111","5f9671150b6c4d8d8f955faff27f799c",2,,
"204301010302","5f9c806271044865a1c49ca22b9b1289",1,15,1
"204301010302","5f9c806271044865a1c49ca22b9b1289",0,6,0
"204301010302","5f9c806271044865a1c49ca22b9b1289",2,0,0
"302303070505","5fd0f31f330a49a79109ca76f86e31f4",2,0,0
"302303070505","5fd0f31f330a49a79109ca76f86e31f4",1,10,1
"302303070505","5fd0f31f330a49a79109ca76f86e31f4",0,9,0
"110203060109","608bfd2bd5f84124be9fc9833b1caaac",0,3,0
"110203060109","608bfd2bd5f84124be9fc9833b1caaac",2,2,0
"110203060109","608bfd2bd5f84124be9fc9833b1caaac",1,11,0
"405104020509","61dc08d3c51a46b88c52bb99d71911c2",1,10,0
"405104020509","61dc08d3c51a46b88c52bb99d71911c2",2,1,0
"405104020509","61dc08d3c51a46b88c52bb99d71911c2",0,0,2
"212105040709","61e4b68c15e0457c9f6f2ff9180e9e7c",0,4,2
"212105040709","61e4b68c15e0457c9f6f2ff9180e9e7c",1,7,0
"212105040709","61e4b68c15e0457c9f6f2ff9180e9e7c",2,0,0
"115206030602","62af21468f5b4edb904b87aa88566ce0",1,5,0
"115206030602","62af21468f5b4edb904b87aa88566ce0",0,11,0
"115206030602","62af21468f5b4edb904b87aa88566ce0",2,0,0
"211107030208","62f01c4bc6cf48c78a15d668e8e295ed",1,7,2
"211107030208","62f01c4bc6cf48c78a15d668e8e295ed",2,0,0
"211107030208","62f01c4bc6cf48c78a15d668e8e295ed",0,4,2
"417109040205","63ef3bf75fef4be68830b107eef9b96e",1,,
"417109040205","63ef3bf75fef4be68830b107eef9b96e",2,,
"417109040205","63ef3bf75fef4be68830b107eef9b96e",0,,
"226102050810","645e8f52e0284da1af7439cac3420432",2,4,1
"226102050810","645e8f52e0284da1af7439cac3420432",0,7,5
"226102050810","645e8f52e0284da1af7439cac3420432",1,5,6
"412103070506","652892d80eef4dc886ac0f02c5e3747c",1,5,0
"412103070506","652892d80eef4dc886ac0f02c5e3747c",2,0,0
"412103070506","652892d80eef4dc886ac0f02c5e3747c",0,3,0
"423110010602","6576b15a95a04314b4f24e9060ca7bcb",2,0,0
"423110010602","6576b15a95a04314b4f24e9060ca7bcb",0,4,1
"423110010602","6576b15a95a04314b4f24e9060ca7bcb",1,4,1
"214102020611","6596c2921b4f49fcb7fa17cfa9d0786a",1,6,1
"214102020611","6596c2921b4f49fcb7fa17cfa9d0786a",0,5,6
"214102020611","6596c2921b4f49fcb7fa17cfa9d0786a",2,0,0
"222111021102","65e342045671412cbeb3d4ecbb507b80",1,8,2
"222111021102","65e342045671412cbeb3d4ecbb507b80",0,4,1
"222111021102","65e342045671412cbeb3d4ecbb507b80",2,0,1
"108301010115","663e019dae8f42e4aa5daaedc81619c0",0,2,6
"108301010115","663e019dae8f42e4aa5daaedc81619c0",2,0,0
"108301010115","663e019dae8f42e4aa5daaedc81619c0",1,6,0
"320108080103","664e98a3af9c4657a4af8f3dfb526818",2,0,0
"320108080103","664e98a3af9c4657a4af8f3dfb526818",0,5,0
"320108080103","664e98a3af9c4657a4af8f3dfb526818",1,9,4
"104105040311","67ac1b9b59384c0caead6c62332352cd",0,3,0
"104105040311","67ac1b9b59384c0caead6c62332352cd",2,1,0
"104105040311","67ac1b9b59384c0caead6c62332352cd",1,9,0
"306201010103","67d77e0fbf754e25affd8ba11aa608d4",1,8,0
"306201010103","67d77e0fbf754e25affd8ba11aa608d4",0,3,8
"306201010103","67d77e0fbf754e25affd8ba11aa608d4",2,0,0
"215120020808","68984e8f107b4fcfbc983a0691df01bd",2,0,0
"215120020808","68984e8f107b4fcfbc983a0691df01bd",0,8,0
"215120020808","68984e8f107b4fcfbc983a0691df01bd",1,7,1
"112104021001","68b87f690c5e4d41b26440d4af920eff",0,,
"112104021001","68b87f690c5e4d41b26440d4af920eff",1,,
"112104021001","68b87f690c5e4d41b26440d4af920eff",2,,
"203202030310","69fdbce170a34999b98ced8ce8ccb437",0,,
"203202030310","69fdbce170a34999b98ced8ce8ccb437",2,,
"203202030310","69fdbce170a34999b98ced8ce8ccb437",1,,
"406210060603","6aac54099d5446c99029c48d21edbab1",1,10,0
"406210060603","6aac54099d5446c99029c48d21edbab1",2,0,0
"406210060603","6aac54099d5446c99029c48d21edbab1",0,3,10
"418201020305","6be18dc7379a4d86ac204d6d08b614b7",1,5,2
"418201020305","6be18dc7379a4d86ac204d6d08b614b7",0,3,0
"418201020305","6be18dc7379a4d86ac204d6d08b614b7",2,0,0
"306204010301","6cb2e1bf1182402dbb626c64f4ba2cfb",2,6,4
"306204010301","6cb2e1bf1182402dbb626c64f4ba2cfb",1,0,3
"306204010301","6cb2e1bf1182402dbb626c64f4ba2cfb",0,0,2
"318102020202","6d561d7e1bb34b0480b61373102428fd",1,6,5
"318102020202","6d561d7e1bb34b0480b61373102428fd",2,0,0
"318102020202","6d561d7e1bb34b0480b61373102428fd",0,7,0
"411402020404","6d6546ea45a24ccf8284463ab31b6654",2,0,0
"411402020404","6d6546ea45a24ccf8284463ab31b6654",1,9,0
"411402020404","6d6546ea45a24ccf8284463ab31b6654",0,2,0
"223120020410","6e7a08685b68404b86a3cfd6815d3824",0,4,0
"223120020410","6e7a08685b68404b86a3cfd6815d3824",1,13,5
"223120020410","6e7a08685b68404b86a3cfd6815d3824",2,0,0
"214101060404","6ec8cecb648e4b6c974f20a8722affe1",1,18,0
"214101060404","6ec8cecb648e4b6c974f20a8722affe1",2,2,2
"214101060404","6ec8cecb648e4b6c974f20a8722affe1",0,11,4
"103107020109","6fb3d5bdcb87496da47243e3711c1dc0",1,7,0
"103107020109","6fb3d5bdcb87496da47243e3711c1dc0",2,2,0
"103107020109","6fb3d5bdcb87496da47243e3711c1dc0",0,3,0
"403301030215","712dd05dfdf54bc4ab5eb46fc55e1e5a",1,,
"403301030215","712dd05dfdf54bc4ab5eb46fc55e1e5a",0,,
"403301030215","712dd05dfdf54bc4ab5eb46fc55e1e5a",2,,
"113113020418","73b6584e55df47ef8692caed8625a956",2,0,0
"113113020418","73b6584e55df47ef8692caed8625a956",1,16,0
"113113020418","73b6584e55df47ef8692caed8625a956",0,11,4
"111202061528","73edb914e5ec4a6c937147490826972f",0,4,0
"111202061528","73edb914e5ec4a6c937147490826972f",1,5,0
"111202061528","73edb914e5ec4a6c937147490826972f",2,3,0
"102103120844","74879a9428874965ae87feacedc0f2b4",1,14,6
"102103120844","74879a9428874965ae87feacedc0f2b4",2,0,0
"102103120844","74879a9428874965ae87feacedc0f2b4",0,6,6
"314105010202","75df2b5c7d6b49258b3614c8243de9b7",1,9,3
"314105010202","75df2b5c7d6b49258b3614c8243de9b7",2,4,5
"314105010202","75df2b5c7d6b49258b3614c8243de9b7",0,3,3
"225103041522","76a347dba3c945d9a2e4aae06a3c0037",1,6,5
"225103041522","76a347dba3c945d9a2e4aae06a3c0037",2,0,0
"225103041522","76a347dba3c945d9a2e4aae06a3c0037",0,2,0
"412203040507","77b63a2a3a58466ca5b25c52c46907cb",0,4,0
"412203040507","77b63a2a3a58466ca5b25c52c46907cb",2,0,0
"412203040507","77b63a2a3a58466ca5b25c52c46907cb",1,8,0
"106106060103","78b1f1144ce740d7ac6429052767b4a1",2,1,0
"106106060103","78b1f1144ce740d7ac6429052767b4a1",1,7,0
"106106060103","78b1f1144ce740d7ac6429052767b4a1",0,1,0
"315105030209","7934cfadf18a4020840735d003867847",0,2,0
"315105030209","7934cfadf18a4020840735d003867847",2,0,0
"315105030209","7934cfadf18a4020840735d003867847",1,9,2
"113113060242","7a92a755edec4d6bae64f894ad5bc2f0",1,7,0
"113113060242","7a92a755edec4d6bae64f894ad5bc2f0",0,12,0
"113113060242","7a92a755edec4d6bae64f894ad5bc2f0",2,2,0
"415105020404","7af284e10f4046009386ca7cc0df56d7",1,8,0
"415105020404","7af284e10f4046009386ca7cc0df56d7",2,0,0
"415105020404","7af284e10f4046009386ca7cc0df56d7",0,5,8
"122105020311","7b71511069ca41d7952c83c3004520f3",0,6,0
"122105020311","7b71511069ca41d7952c83c3004520f3",2,0,0
"122105020311","7b71511069ca41d7952c83c3004520f3",1,18,0
"304204020110","7b91ac7196d446f7b7c4c92f86fbac42",1,3,0
"304204020110","7b91ac7196d446f7b7c4c92f86fbac42",0,11,0
"304204020110","7b91ac7196d446f7b7c4c92f86fbac42",2,0,0
"204301030308","7ceaac984dc44338a95f7d19824a5621",2,0,2
"204301030308","7ceaac984dc44338a95f7d19824a5621",0,9,2
"204301030308","7ceaac984dc44338a95f7d19824a5621",1,7,3
"203202040303","7f25311583624b7487a569df466b24ac",0,,
"203202040303","7f25311583624b7487a569df466b24ac",1,,
"203202040303","7f25311583624b7487a569df466b24ac",2,,
"407106021906","80c5e48699bc48b29bf11f38cdc04fc5",1,5,6
"407106021906","80c5e48699bc48b29bf11f38cdc04fc5",2,6,0
"407106021906","80c5e48699bc48b29bf11f38cdc04fc5",0,0,0
"112102030202","81def38cfed24edd80e47b293c3bc0b9",1,5,0
"112102030202","81def38cfed24edd80e47b293c3bc0b9",0,2,0
"112102030202","81def38cfed24edd80e47b293c3bc0b9",2,2,0
"306204020605","81f2300746cc4b068c95f765f2b403ba",0,2,5
"306204020605","81f2300746cc4b068c95f765f2b403ba",1,7,8
"306204020605","81f2300746cc4b068c95f765f2b403ba",2,0,0
"410101040507","824efbe20846431fba549104887331e5",2,0,0
"410101040507","824efbe20846431fba549104887331e5",0,4,0
"410101040507","824efbe20846431fba549104887331e5",1,9,0
"102103050439","825a4d9c10674fb68ae9182bf65152ca",0,,
"102103050439","825a4d9c10674fb68ae9182bf65152ca",2,,
"102103050439","825a4d9c10674fb68ae9182bf65152ca",1,,
"309104050403","82e2ee46332f4f5c854335056696f881",1,10,7
"309104050403","82e2ee46332f4f5c854335056696f881",0,3,0
"309104050403","82e2ee46332f4f5c854335056696f881",2,2,0
"324101011403","865a0a2dd0d442a6aeb227dbd3367b05",1,3,0
"324101011403","865a0a2dd0d442a6aeb227dbd3367b05",2,0,0
"324101011403","865a0a2dd0d442a6aeb227dbd3367b05",0,4,2
"117201050401","87d1a29404f24095af33c51ad6ddf04b",0,8,0
"117201050401","87d1a29404f24095af33c51ad6ddf04b",1,5,2
"117201050401","87d1a29404f24095af33c51ad6ddf04b",2,0,0
"318114020701","8b2193d437e64893a12f1635d1aae2bd",2,0,0
"318114020701","8b2193d437e64893a12f1635d1aae2bd",1,6,0
"318114020701","8b2193d437e64893a12f1635d1aae2bd",0,6,0
"211106070404","8c60b24c5d69459ab88587107842bf8a",2,1,3
"211106070404","8c60b24c5d69459ab88587107842bf8a",0,6,7
"211106070404","8c60b24c5d69459ab88587107842bf8a",1,7,2
"406212010207","8da56015c708420985ff1484fc7d3201",2,0,0
"406212010207","8da56015c708420985ff1484fc7d3201",1,9,0
"406212010207","8da56015c708420985ff1484fc7d3201",0,1,9
"102102060108","8ed0e75643204d23b4513def2c5cc970",1,6,1
"102102060108","8ed0e75643204d23b4513def2c5cc970",0,8,0
"102102060108","8ed0e75643204d23b4513def2c5cc970",2,0,0
"110206030911","8f69cfcd9bea4a2a9339fd61390606cf",2,,
"110206030911","8f69cfcd9bea4a2a9339fd61390606cf",1,,
"110206030911","8f69cfcd9bea4a2a9339fd61390606cf",0,,
"105105020108","909b86e277fe480492fe605802d4b272",0,3,4
"105105020108","909b86e277fe480492fe605802d4b272",2,0,0
"105105020108","909b86e277fe480492fe605802d4b272",1,9,0
"125105010702","91e89e7118c041fba1ad3f88cbbfb499",0,3,2
"125105010702","91e89e7118c041fba1ad3f88cbbfb499",1,6,0
"125105010702","91e89e7118c041fba1ad3f88cbbfb499",2,2,0
"226104040305","92722375ee7a4828bfbc6565b7a5e522",0,4,0
"226104040305","92722375ee7a4828bfbc6565b7a5e522",2,0,0
"226104040305","92722375ee7a4828bfbc6565b7a5e522",1,14,4
"311102010107","93268921598f4e95a6cbaa15387322f4",2,0,0
"311102010107","93268921598f4e95a6cbaa15387322f4",1,6,3
"311102010107","93268921598f4e95a6cbaa15387322f4",0,3,3
"303202060606","942d21651db14547a1a55d163147f3be",1,17,11
"303202060606","942d21651db14547a1a55d163147f3be",2,0,0
"303202060606","942d21651db14547a1a55d163147f3be",0,6,0
"422102010506","94a28a335ad8409da18694d554dc6a82",2,1,0
"422102010506","94a28a335ad8409da18694d554dc6a82",0,2,8
"422102010506","94a28a335ad8409da18694d554dc6a82",1,7,0
"224105051111","94ae3c15a2df427092546208e7da8501",1,,
"224105051111","94ae3c15a2df427092546208e7da8501",2,,
"224105051111","94ae3c15a2df427092546208e7da8501",0,,
"210306040102","94d6a92de2aa41848c815b4f7ca810d6",1,7,5
"210306040102","94d6a92de2aa41848c815b4f7ca810d6",0,1,0
"210306040102","94d6a92de2aa41848c815b4f7ca810d6",2,0,0
"410303060103","94e8fb8cab7846d5a723aa902f6d1e1e",1,3,1
"410303060103","94e8fb8cab7846d5a723aa902f6d1e1e",2,0,0
"410303060103","94e8fb8cab7846d5a723aa902f6d1e1e",0,6,0
"124104040103","977cf8b59c214cd6806539e994d0a6d9",0,5,3
"124104040103","977cf8b59c214cd6806539e994d0a6d9",1,10,0
"124104040103","977cf8b59c214cd6806539e994d0a6d9",2,0,0
"405211011114","9836e079cdd949e5afc70c7dcb3980c3",1,8,0
"405211011114","9836e079cdd949e5afc70c7dcb3980c3",0,4,8
"405211011114","9836e079cdd949e5afc70c7dcb3980c3",2,0,0
"318103020406","987cf3a3f3f04a53b6295c44afed7cec",0,3,0
"318103020406","987cf3a3f3f04a53b6295c44afed7cec",2,0,0
"318103020406","987cf3a3f3f04a53b6295c44afed7cec",1,7,3
"312105020216","989fa310b63545678cb56e3f009ee547",1,8,0
"312105020216","989fa310b63545678cb56e3f009ee547",2,0,0
"312105020216","989fa310b63545678cb56e3f009ee547",0,1,0
"124103021620","98c92ebc81274b48a478e3f3bdecc8d9",0,2,3
"124103021620","98c92ebc81274b48a478e3f3bdecc8d9",1,6,0
"124103021620","98c92ebc81274b48a478e3f3bdecc8d9",2,1,0
"417202010210","98ff8b8f68354855b3a47628eb2e3b13",0,12,0
"417202010210","98ff8b8f68354855b3a47628eb2e3b13",2,0,0
"417202010210","98ff8b8f68354855b3a47628eb2e3b13",1,6,5
"113301050411","991ea35afb8c4a5a91bded275d3a43cb",0,8,0
"113301050411","991ea35afb8c4a5a91bded275d3a43cb",1,12,0
"113301050411","991ea35afb8c4a5a91bded275d3a43cb",2,0,0
"232203040502","9ae38f33171f4fb89797a28ed8c32b32",1,7,3
"232203040502","9ae38f33171f4fb89797a28ed8c32b32",2,0,0
"232203040502","9ae38f33171f4fb89797a28ed8c32b32",0,8,2
"102105040650","9b29a92d675346708b3ed22f07d63387",2,0,0
"102105040650","9b29a92d675346708b3ed22f07d63387",0,12,0
"102105040650","9b29a92d675346708b3ed22f07d63387",1,7,0
"111102010811","9c42c15316c04419af74c9404cb4c0f5",1,8,0
"111102010811","9c42c15316c04419af74c9404cb4c0f5",0,1,0
"111102010811","9c42c15316c04419af74c9404cb4c0f5",2,0,0
"214101040303","9c877a6abcc44e259474046f89edb89f",2,0,0
"214101040303","9c877a6abcc44e259474046f89edb89f",1,4,2
"214101040303","9c877a6abcc44e259474046f89edb89f",0,5,1
"102104190357","9ecbe56df9f249d3be5a6ba4df28dccc",2,0,0
"102104190357","9ecbe56df9f249d3be5a6ba4df28dccc",1,8,0
"102104190357","9ecbe56df9f249d3be5a6ba4df28dccc",0,5,0
"327103030510","9ef24898f0e04e6f9f4c6561cca96f24",1,6,0
"327103030510","9ef24898f0e04e6f9f4c6561cca96f24",0,2,2
"327103030510","9ef24898f0e04e6f9f4c6561cca96f24",2,4,0
"304301040405","a0525377534b48f0bb0d4c99d963fda6",2,0,0
"304301040405","a0525377534b48f0bb0d4c99d963fda6",0,5,0
"304301040405","a0525377534b48f0bb0d4c99d963fda6",1,8,3
"204301020206","a221543631f54480bde0e51df15c6361",2,,
"204301020206","a221543631f54480bde0e51df15c6361",1,,
"204301020206","a221543631f54480bde0e51df15c6361",0,,
"307108030908","a29bda3a56964baba85e14f3c2abf988",0,5,0
"307108030908","a29bda3a56964baba85e14f3c2abf988",2,0,0
"307108030908","a29bda3a56964baba85e14f3c2abf988",1,9,4
"321106010504","a3908ba3b92f4fef9ad80450371afeb4",2,0,0
"321106010504","a3908ba3b92f4fef9ad80450371afeb4",1,7,2
"321106010504","a3908ba3b92f4fef9ad80450371afeb4",0,3,0
"418202010203","a5e08a9b241643949baeb09fac3ee420",0,6,0
"418202010203","a5e08a9b241643949baeb09fac3ee420",1,3,0
"418202010203","a5e08a9b241643949baeb09fac3ee420",2,0,0
"108301050512","a93651e6ad8d4de2af53d25e4a9fc082",0,3,5
"108301050512","a93651e6ad8d4de2af53d25e4a9fc082",2,2,0
"108301050512","a93651e6ad8d4de2af53d25e4a9fc082",1,7,0
"322111041206","a9b092b3952f4ec082794dec24de21a1",2,0,0
"322111041206","a9b092b3952f4ec082794dec24de21a1",1,9,4
"322111041206","a9b092b3952f4ec082794dec24de21a1",0,2,0
"310202030204","aeefbdde40724ba291ecf85534647db2",2,0,0
"310202030204","aeefbdde40724ba291ecf85534647db2",0,6,0
"310202030204","aeefbdde40724ba291ecf85534647db2",1,5,0
"111202040320","b00970f7c1fd483599d25b5d7a2c0399",0,2,0
"111202040320","b00970f7c1fd483599d25b5d7a2c0399",2,2,0
"111202040320","b00970f7c1fd483599d25b5d7a2c0399",1,8,0
"319203030409","b0b5ef4a81ee42299b12a7926ba93f4f",2,0,0
"319203030409","b0b5ef4a81ee42299b12a7926ba93f4f",1,27,6
"319203030409","b0b5ef4a81ee42299b12a7926ba93f4f",0,16,0
"101204020501","b0cd107e76604c5c8367347965a11428",0,,
"101204020501","b0cd107e76604c5c8367347965a11428",1,,
"101204020501","b0cd107e76604c5c8367347965a11428",2,,
"117302060527","b105a36a56b84f6ba66b7d1e2ffc388b",1,4,0
"117302060527","b105a36a56b84f6ba66b7d1e2ffc388b",2,6,0
"117302060527","b105a36a56b84f6ba66b7d1e2ffc388b",0,3,0
"303402040806","b136b27d91194229a3d2dcf9252a325e",1,6,4
"303402040806","b136b27d91194229a3d2dcf9252a325e",0,1,0
"303402040806","b136b27d91194229a3d2dcf9252a325e",2,1,0
"310306030909","b137ae14a69249ff994a536b0461599c",2,0,0
"310306030909","b137ae14a69249ff994a536b0461599c",1,11,2
"310306030909","b137ae14a69249ff994a536b0461599c",0,4,0
"410201010654","b2e36352f5d9409abcd9ff6850c9a17f",2,,
"410201010654","b2e36352f5d9409abcd9ff6850c9a17f",0,,
"410201010654","b2e36352f5d9409abcd9ff6850c9a17f",1,,
"120106010101","b330812745fa4e77a5f536a967849f73",0,0,0
"120106010101","b330812745fa4e77a5f536a967849f73",2,6,0
"120106010101","b330812745fa4e77a5f536a967849f73",1,2,0
"309103050101","b341d8d46699459d85270dbbf9234423",1,3,2
"309103050101","b341d8d46699459d85270dbbf9234423",0,2,0
"309103050101","b341d8d46699459d85270dbbf9234423",2,0,0
"324104010503","b4251f797f5f4785bc4d7bf83cf21cad",2,,
"324104010503","b4251f797f5f4785bc4d7bf83cf21cad",0,,
"324104010503","b4251f797f5f4785bc4d7bf83cf21cad",1,,
"218103021305","b562c88957c5417886afa6977f5b2965",2,0,0
"218103021305","b562c88957c5417886afa6977f5b2965",1,7,0
"218103021305","b562c88957c5417886afa6977f5b2965",0,1,0
"113301010130","b59699570a7a45afbefd3140dd85b87e",0,27,0
"113301010130","b59699570a7a45afbefd3140dd85b87e",1,7,0
"113301010130","b59699570a7a45afbefd3140dd85b87e",2,0,0
"302204050508","b60db776f7044c0993c08a34296e7410",1,10,3
"302204050508","b60db776f7044c0993c08a34296e7410",2,0,0
"302204050508","b60db776f7044c0993c08a34296e7410",0,3,0
"424105020201","b6beade8c2fb4ba7b72316080719a6ae",1,5,1
"424105020201","b6beade8c2fb4ba7b72316080719a6ae",2,0,0
"424105020201","b6beade8c2fb4ba7b72316080719a6ae",0,5,5
"314101030304","b6c120c8e36f4d488a1d22da070a6a01",1,,
"314101030304","b6c120c8e36f4d488a1d22da070a6a01",0,,
"314101030304","b6c120c8e36f4d488a1d22da070a6a01",2,,
"321105050214","b71b6b7c544e41fb929294eed370b7cf",2,0,0
"321105050214","b71b6b7c544e41fb929294eed370b7cf",0,4,0
"321105050214","b71b6b7c544e41fb929294eed370b7cf",1,11,6
"110306010205","b92db033a86e4abbae72c6347c5b82c8",2,1,0
"110306010205","b92db033a86e4abbae72c6347c5b82c8",0,9,0
"110306010205","b92db033a86e4abbae72c6347c5b82c8",1,8,0
"406201020310","bad2132fae8a42459b20c2aede01de05",0,6,7
"406201020310","bad2132fae8a42459b20c2aede01de05",1,7,0
"406201020310","bad2132fae8a42459b20c2aede01de05",2,0,0
"408102011215","bb6db2bb7e894ee6b96c81013a338db0",1,1,4
"408102011215","bb6db2bb7e894ee6b96c81013a338db0",2,0,0
"408102011215","bb6db2bb7e894ee6b96c81013a338db0",0,8,0
"209201010506","bb91dac00ca941ac91a0e1569d4a6dc8",0,10,0
"209201010506","bb91dac00ca941ac91a0e1569d4a6dc8",1,10,0
"209201010506","bb91dac00ca941ac91a0e1569d4a6dc8",2,0,0
"117301041137","bbb3f63e02a24e3db0e1e1e424e4a991",0,5,0
"117301041137","bbb3f63e02a24e3db0e1e1e424e4a991",2,0,0
"117301041137","bbb3f63e02a24e3db0e1e1e424e4a991",1,5,0
"402210030714","bbd5aebfc1a54cf6826cbe7b44ec361d",1,,
"402210030714","bbd5aebfc1a54cf6826cbe7b44ec361d",0,,
"402210030714","bbd5aebfc1a54cf6826cbe7b44ec361d",2,,
"420107040304","bcc6e03bb2a543348878ca4889658ee5",1,6,0
"420107040304","bcc6e03bb2a543348878ca4889658ee5",0,2,4
"420107040304","bcc6e03bb2a543348878ca4889658ee5",2,2,0
"318112010303","bcf4623a365e43579a50ae7608a20bb4",0,3,4
"318112010303","bcf4623a365e43579a50ae7608a20bb4",2,0,0
"318112010303","bcf4623a365e43579a50ae7608a20bb4",1,8,0
"221109020302","bfade52afbbe499582123960bdf484ad",2,0,0
"221109020302","bfade52afbbe499582123960bdf484ad",1,12,0
"221109020302","bfade52afbbe499582123960bdf484ad",0,5,0
"325103060113","bfc868c5c5914281b9d9bd1182bec578",2,0,0
"325103060113","bfc868c5c5914281b9d9bd1182bec578",0,3,0
"325103060113","bfc868c5c5914281b9d9bd1182bec578",1,13,7
"307108030304","c015bae305344f96818cc01ab60541c4",1,,
"307108030304","c015bae305344f96818cc01ab60541c4",0,,
"307108030304","c015bae305344f96818cc01ab60541c4",2,,
"310306040802","c14a86da4ace4064b4410807ad90f8cc",2,0,0
"310306040802","c14a86da4ace4064b4410807ad90f8cc",1,7,3
"310306040802","c14a86da4ace4064b4410807ad90f8cc",0,9,0
"210306040101","c1a22955cf934b9386559182a0c46c8d",2,0,0
"210306040101","c1a22955cf934b9386559182a0c46c8d",1,7,5
"210306040101","c1a22955cf934b9386559182a0c46c8d",0,1,0
"432205040203","c208d41946924e27803193316fe645f0",1,3,8
"432205040203","c208d41946924e27803193316fe645f0",0,3,0
"432205040203","c208d41946924e27803193316fe645f0",2,4,0
"124108021108","c2a083238ac94fc8a0b48e3330a8a611",1,,
"124108021108","c2a083238ac94fc8a0b48e3330a8a611",2,,
"124108021108","c2a083238ac94fc8a0b48e3330a8a611",0,,
"107402030203","c33561448066434395fe6c8445631c87",0,6,4
"107402030203","c33561448066434395fe6c8445631c87",2,3,0
"107402030203","c33561448066434395fe6c8445631c87",1,4,0
"321103040514","c40d2554992447aaab0c9ed075204836",2,0,0
"321103040514","c40d2554992447aaab0c9ed075204836",1,11,3
"321103040514","c40d2554992447aaab0c9ed075204836",0,3,0
"311103020202","c5a985e708a74594a6c4522354013a9a",2,0,0
"311103020202","c5a985e708a74594a6c4522354013a9a",0,4,3
"311103020202","c5a985e708a74594a6c4522354013a9a",1,9,0
"225114032604","c7bcab112852484b816748e5dc6c1d12",1,5,2
"225114032604","c7bcab112852484b816748e5dc6c1d12",2,0,0
"225114032604","c7bcab112852484b816748e5dc6c1d12",0,5,0
"426202040101","c997c4379310457193d2e4fec060d957",1,5,0
"426202040101","c997c4379310457193d2e4fec060d957",0,6,0
"426202040101","c997c4379310457193d2e4fec060d957",2,0,0
"304102010107","c9f3e3b01148416390d788c451e83853",2,0,0
"304102010107","c9f3e3b01148416390d788c451e83853",0,2,0
"304102010107","c9f3e3b01148416390d788c451e83853",1,19,1
"402208050714","ca4736d2f7a74a899d7997d614ac6c76",2,0,0
"402208050714","ca4736d2f7a74a899d7997d614ac6c76",1,3,0
"402208050714","ca4736d2f7a74a899d7997d614ac6c76",0,7,0
"212202010105","caa6f80f888744d0aaaf2e19676dcd23",2,0,0
"212202010105","caa6f80f888744d0aaaf2e19676dcd23",0,15,0
"212202010105","caa6f80f888744d0aaaf2e19676dcd23",1,8,1
"228102030405","cbe3a418c67c4370af13683f11d44636",0,7,0
"228102030405","cbe3a418c67c4370af13683f11d44636",2,0,0
"228102030405","cbe3a418c67c4370af13683f11d44636",1,6,0
"408113040517","cc8047dc8a484aaa9836d72178b1780c",2,0,0
"408113040517","cc8047dc8a484aaa9836d72178b1780c",0,2,0
"408113040517","cc8047dc8a484aaa9836d72178b1780c",1,6,0
"325107010301","cd1474d77fac421a97691e211fcbba4c",0,6,0
"325107010301","cd1474d77fac421a97691e211fcbba4c",1,12,3
"325107010301","cd1474d77fac421a97691e211fcbba4c",2,0,0
"408112020621","ce05dd69d60e43e28966bf07a745ce3d",2,0,0
"408112020621","ce05dd69d60e43e28966bf07a745ce3d",1,10,7
"408112020621","ce05dd69d60e43e28966bf07a745ce3d",0,4,0
"427202040214","ce31748c847d40a9ad2150a36c2438dc",0,1,3
"427202040214","ce31748c847d40a9ad2150a36c2438dc",1,4,3
"427202040214","ce31748c847d40a9ad2150a36c2438dc",2,3,0
"103105050501","cedfce2c57e641d18f8cb9d9c783e6a3",1,9,0
"103105050501","cedfce2c57e641d18f8cb9d9c783e6a3",2,0,0
"103105050501","cedfce2c57e641d18f8cb9d9c783e6a3",0,2,5
"102105150507","d091d72bf34743fa8b42d63d78c6c4d2",1,17,5
"102105150507","d091d72bf34743fa8b42d63d78c6c4d2",0,16,0
"102105150507","d091d72bf34743fa8b42d63d78c6c4d2",2,0,0
"110204010703","d4e9ef0dc2b74bf38dcb92726ad41f5d",2,0,0
"110204010703","d4e9ef0dc2b74bf38dcb92726ad41f5d",1,8,0
"110204010703","d4e9ef0dc2b74bf38dcb92726ad41f5d",0,3,5
"122102060404","d63a27ac1a6d4af89a64a7cbcd3d4291",2,2,0
"122102060404","d63a27ac1a6d4af89a64a7cbcd3d4291",1,5,0
"122102060404","d63a27ac1a6d4af89a64a7cbcd3d4291",0,6,2
"212104030611","d63ba4eb8a1c4a0e9cca5826e2affa7e",1,5,1
"212104030611","d63ba4eb8a1c4a0e9cca5826e2affa7e",2,0,0
"212104030611","d63ba4eb8a1c4a0e9cca5826e2affa7e",0,4,0
"102102050406","d6aa486f005240b6b7cb24f89a40734e",1,14,0
"102102050406","d6aa486f005240b6b7cb24f89a40734e",0,3,0
"102102050406","d6aa486f005240b6b7cb24f89a40734e",2,0,0
"323108030411","d7b1236aabb94f6bb30da9c00b33bf61",1,11,0
"323108030411","d7b1236aabb94f6bb30da9c00b33bf61",0,2,0
"323108030411","d7b1236aabb94f6bb30da9c00b33bf61",2,0,0
"303504020504","d7df893335d04af7acb5f703066383af",0,9,0
"303504020504","d7df893335d04af7acb5f703066383af",2,0,0
"303504020504","d7df893335d04af7acb5f703066383af",1,9,1
"403105050205","d84f5f9e3a694d3ea5d8c6bc57726b98",1,5,1
"403105050205","d84f5f9e3a694d3ea5d8c6bc57726b98",0,4,2
"403105050205","d84f5f9e3a694d3ea5d8c6bc57726b98",2,0,0
"102103060631","d8e480e0083545f38d88e7ca1753924c",2,,
"102103060631","d8e480e0083545f38d88e7ca1753924c",0,,
"102103060631","d8e480e0083545f38d88e7ca1753924c",1,,
"406303070608","d983e831143f41a08ffd423010b5dfa6",0,8,5
"406303070608","d983e831143f41a08ffd423010b5dfa6",1,5,0
"406303070608","d983e831143f41a08ffd423010b5dfa6",2,0,0
"325101020514","da5e5ab5a00e480683eae461cba99b13",1,16,8
"325101020514","da5e5ab5a00e480683eae461cba99b13",2,0,0
"325101020514","da5e5ab5a00e480683eae461cba99b13",0,4,0
"223126011515","da7a73e6a46542769c99839dcac87f10",2,,
"223126011515","da7a73e6a46542769c99839dcac87f10",0,,
"223126011515","da7a73e6a46542769c99839dcac87f10",1,,
"102103080303","db979bdcd2e148f98742974d2a4f9371",0,2,0
"102103080303","db979bdcd2e148f98742974d2a4f9371",2,0,0
"102103080303","db979bdcd2e148f98742974d2a4f9371",1,20,0
"122106021812","dc1776a9a0e14f4582ec0425908ceea5",1,9,0
"122106021812","dc1776a9a0e14f4582ec0425908ceea5",2,0,0
"122106021812","dc1776a9a0e14f4582ec0425908ceea5",0,2,0
"113111020505","dda5335ce205431184ce477ddbedbef7",0,10,0
"113111020505","dda5335ce205431184ce477ddbedbef7",1,16,0
"113111020505","dda5335ce205431184ce477ddbedbef7",2,0,0
"106101010605","df04ee2c0e3a4107a7da27f23f41944b",0,6,9
"106101010605","df04ee2c0e3a4107a7da27f23f41944b",2,0,0
"106101010605","df04ee2c0e3a4107a7da27f23f41944b",1,10,0
"208102140202","dfbc222d6117426abcbd121d0593bce5",0,3,4
"208102140202","dfbc222d6117426abcbd121d0593bce5",1,6,3
"208102140202","dfbc222d6117426abcbd121d0593bce5",2,0,0
"115303040507","e106494d0ae84f20a841ab351720b8aa",0,3,0
"115303040507","e106494d0ae84f20a841ab351720b8aa",1,7,0
"115303040507","e106494d0ae84f20a841ab351720b8aa",2,1,0
"117106050206","e23a30e088d1453a8394085bff6af8dd",1,6,0
"117106050206","e23a30e088d1453a8394085bff6af8dd",2,1,0
"117106050206","e23a30e088d1453a8394085bff6af8dd",0,2,0
"417107030404","e24222c61b9f4563830fe94cd944785c",0,,
"417107030404","e24222c61b9f4563830fe94cd944785c",2,,
"417107030404","e24222c61b9f4563830fe94cd944785c",1,,
"406108040102","e282714b05cb42bf8b20fc75e0473960",2,,
"406108040102","e282714b05cb42bf8b20fc75e0473960",0,,
"406108040102","e282714b05cb42bf8b20fc75e0473960",1,,
"107403060301","e3166e34b04d473eb589f6a033ae53d2",2,0,0
"107403060301","e3166e34b04d473eb589f6a033ae53d2",0,12,0
"107403060301","e3166e34b04d473eb589f6a033ae53d2",1,20,0
"104102040606","e4d52a1c0a1148dc830cee53ef0df523",2,0,0
"104102040606","e4d52a1c0a1148dc830cee53ef0df523",1,5,0
"104102040606","e4d52a1c0a1148dc830cee53ef0df523",0,4,2
"404403030304","e4ddc650064a4c0f89867f59f249801e",0,4,0
"404403030304","e4ddc650064a4c0f89867f59f249801e",2,0,0
"404403030304","e4ddc650064a4c0f89867f59f249801e",1,4,0
"411203020101","e614b8ae67d44c8cbc5bf5aeccecc8f8",2,0,0
"411203020101","e614b8ae67d44c8cbc5bf5aeccecc8f8",0,5,0
"411203020101","e614b8ae67d44c8cbc5bf5aeccecc8f8",1,5,2
"201210090210","e61b5559a1b4404bb4a22e8c657b33f1",1,,
"201210090210","e61b5559a1b4404bb4a22e8c657b33f1",2,,
"201210090210","e61b5559a1b4404bb4a22e8c657b33f1",0,,
"309204060609","e6d0819875ec42e4b949ea30d57fb7e3",1,9,0
"309204060609","e6d0819875ec42e4b949ea30d57fb7e3",0,3,0
"309204060609","e6d0819875ec42e4b949ea30d57fb7e3",2,2,0
"204101030213","e77d4f6292d24755b7b3c46d7261d6b2",0,,
"204101030213","e77d4f6292d24755b7b3c46d7261d6b2",1,,
"204101030213","e77d4f6292d24755b7b3c46d7261d6b2",2,,
"330110010403","e86a2ea031ca4f9cb0b66693561736c8",2,0,0
"330110010403","e86a2ea031ca4f9cb0b66693561736c8",1,18,4
"330110010403","e86a2ea031ca4f9cb0b66693561736c8",0,2,0
"124107010620","e8b86f9566254e76af1d7fe3ff8524a9",2,0,0
"124107010620","e8b86f9566254e76af1d7fe3ff8524a9",1,8,0
"124107010620","e8b86f9566254e76af1d7fe3ff8524a9",0,1,4
"420108030901","e9acfec9f50e43a884c4db8e14f80beb",0,5,3
"420108030901","e9acfec9f50e43a884c4db8e14f80beb",1,6,0
"420108030901","e9acfec9f50e43a884c4db8e14f80beb",2,0,0
"102105030701","e9e027640d2a4506aec7a34b6c679073",0,,
"102105030701","e9e027640d2a4506aec7a34b6c679073",2,,
"102105030701","e9e027640d2a4506aec7a34b6c679073",1,,
"319105080306","e9ee6e0d15b54db2b26857f7ed93a52b",1,3,4
"319105080306","e9ee6e0d15b54db2b26857f7ed93a52b",2,0,0
"319105080306","e9ee6e0d15b54db2b26857f7ed93a52b",0,9,0
"313102050501","eb8f3695097d4ec5a6d7c65858451483",2,1,0
"313102050501","eb8f3695097d4ec5a6d7c65858451483",1,17,0
"313102050501","eb8f3695097d4ec5a6d7c65858451483",0,4,0
"303204050605","ebb0b322a786451d9ec7603dc6731c31",1,16,0
"303204050605","ebb0b322a786451d9ec7603dc6731c31",0,17,0
"303204050605","ebb0b322a786451d9ec7603dc6731c31",2,0,0
"102104010236","ed628650c92d4517a20209c12a4e6606",2,0,0
"102104010236","ed628650c92d4517a20209c12a4e6606",0,11,2
"102104010236","ed628650c92d4517a20209c12a4e6606",1,4,0
"405301040904","ee245be814ce483aa8b66c3b2b0b6216",0,,
"405301040904","ee245be814ce483aa8b66c3b2b0b6216",2,,
"405301040904","ee245be814ce483aa8b66c3b2b0b6216",1,,
"223135040509","ef0a2c1050d9446fa88afe6aaecd83fb",2,,
"223135040509","ef0a2c1050d9446fa88afe6aaecd83fb",0,,
"223135040509","ef0a2c1050d9446fa88afe6aaecd83fb",1,,
"108106030909","f11ff6935d374a37bd9267163c43ea0e",0,2,0
"108106030909","f11ff6935d374a37bd9267163c43ea0e",2,0,0
"108106030909","f11ff6935d374a37bd9267163c43ea0e",1,7,2
"428111030515","f2753e0a1ee1407cbf044f9bf4084302",2,1,0
"428111030515","f2753e0a1ee1407cbf044f9bf4084302",1,3,2
"428111030515","f2753e0a1ee1407cbf044f9bf4084302",0,5,3
"219103120104","f310f9362b1e4295837d273e1b467904",2,0,0
"219103120104","f310f9362b1e4295837d273e1b467904",1,12,3
"219103120104","f310f9362b1e4295837d273e1b467904",0,4,0
"223121010401","f4f37a3e35c44dc4924cadb9b8f38a0c",0,4,5
"223121010401","f4f37a3e35c44dc4924cadb9b8f38a0c",2,0,0
"223121010401","f4f37a3e35c44dc4924cadb9b8f38a0c",1,15,0
"214114030515","f7c8666f68b24340884eb314238f39c2",2,0,0
"214114030515","f7c8666f68b24340884eb314238f39c2",1,22,1
"214114030515","f7c8666f68b24340884eb314238f39c2",0,8,4
"415106081213","fa6d43e574104dbeaabc1c15d349f6b4",2,0,0
"415106081213","fa6d43e574104dbeaabc1c15d349f6b4",1,5,0
"415106081213","fa6d43e574104dbeaabc1c15d349f6b4",0,5,1
"418209070214","fad0449bb4f0427aa9434d98c5e8ddf5",0,1,0
"418209070214","fad0449bb4f0427aa9434d98c5e8ddf5",2,0,0
"418209070214","fad0449bb4f0427aa9434d98c5e8ddf5",1,6,0
"415110040403","fbdb75a9b0ab4f63b55032a65a48dc0f",1,6,0
"415110040403","fbdb75a9b0ab4f63b55032a65a48dc0f",2,0,0
"415110040403","fbdb75a9b0ab4f63b55032a65a48dc0f",0,3,1
"417102010602","fc8c4458e87f4d78814c817cd3bb82f9",0,2,0
"417102010602","fc8c4458e87f4d78814c817cd3bb82f9",1,4,1
"417102010602","fc8c4458e87f4d78814c817cd3bb82f9",2,0,0
"314103040301","fd96d6f934ab45739d166b07618b3031",1,2,8
"314103040301","fd96d6f934ab45739d166b07618b3031",2,0,0
"314103040301","fd96d6f934ab45739d166b07618b3031",0,19,8
"207104010604","fe36e5eff69c4cb2959c1c44ea20f418",0,4,7
"207104010604","fe36e5eff69c4cb2959c1c44ea20f418",2,0,0
"207104010604","fe36e5eff69c4cb2959c1c44ea20f418",1,5,4
"208107130101","ff38ebd77e0b421a8e2cc2c790ae9232",1,6,15
"208107130101","ff38ebd77e0b421a8e2cc2c790ae9232",0,1,1
"208107130101","ff38ebd77e0b421a8e2cc2c790ae9232",2,4,7
"102103010916","ffc83c8361694f8081915379007bb634",1,8,0
"102103010916","ffc83c8361694f8081915379007bb634",0,7,8
"102103010916","ffc83c8361694f8081915379007bb634",2,0,0
