"Final_EA_code","interview__id","School_leave_id","s3q34","s3q35a","s3q35b","s3q36a","s3q36b"
"410201010733","05a0fe0e9f714c0b84f108d501df571a",3,1,27,23,8,8
"410201010733","05a0fe0e9f714c0b84f108d501df571a",2,1,17,23,8,8
"410201010733","05a0fe0e9f714c0b84f108d501df571a",1,1,23,14,8,8
"223121030202","05f078de3c20400bb66156c3a52d43ec",2,1,1,0,9,
"223121030202","05f078de3c20400bb66156c3a52d43ec",3,2,,,,
"223121030202","05f078de3c20400bb66156c3a52d43ec",1,1,1,0,8,
"415114070301","07ae8f7297234aee97940f7561f48346",2,2,,,,
"415114070301","07ae8f7297234aee97940f7561f48346",1,1,23,25,96,11
"415114070301","07ae8f7297234aee97940f7561f48346",3,2,,,,
"204102040514","0878b9ca320646cbb31fafb49df1a623",2,1,8,7,6,4
"204102040514","0878b9ca320646cbb31fafb49df1a623",3,1,11,16,6,5
"204102040514","0878b9ca320646cbb31fafb49df1a623",1,1,12,7,6,5
"205101030109","098b64d5f62d4447a876789fb7762cb4",3,,,,,
"205101030109","098b64d5f62d4447a876789fb7762cb4",1,,,,,
"205101030109","098b64d5f62d4447a876789fb7762cb4",2,,,,,
"307202030201","09bfa283100c462d998e21c567116948",2,1,28,38,8,8
"307202030201","09bfa283100c462d998e21c567116948",3,1,40,45,8,8
"307202030201","09bfa283100c462d998e21c567116948",1,1,23,36,8,8
"107302030503","0aee3535b7234e049787609e8776fee8",2,1,9,24,8,8
"107302030503","0aee3535b7234e049787609e8776fee8",3,1,12,22,8,6
"107302030503","0aee3535b7234e049787609e8776fee8",1,1,14,20,8,6
"117202080201","0b08b47250b441e9a1cef5e119453e39",1,1,10,10,6,8
"117202080201","0b08b47250b441e9a1cef5e119453e39",2,1,98,98,96,96
"117202080201","0b08b47250b441e9a1cef5e119453e39",3,2,,,,
"204203010514","0c7be6801de643efa91970a69114cead",1,,,,,
"204203010514","0c7be6801de643efa91970a69114cead",3,,,,,
"204203010514","0c7be6801de643efa91970a69114cead",2,,,,,
"313104010108","0d07cf9a197b4eaa9ba64ed29c9134ad",3,2,,,,
"313104010108","0d07cf9a197b4eaa9ba64ed29c9134ad",2,2,,,,
"313104010108","0d07cf9a197b4eaa9ba64ed29c9134ad",1,2,,,,
"118101041020","0d35d167e05a48cabed55225424424cf",1,1,5,5,8,8
"118101041020","0d35d167e05a48cabed55225424424cf",2,1,3,3,11,11
"118101041020","0d35d167e05a48cabed55225424424cf",3,1,2,2,6,6
"102104081332","0e0a6e4e61be4e86827a616c7e49c88b",2,1,15,15,8,9
"102104081332","0e0a6e4e61be4e86827a616c7e49c88b",3,1,10,10,8,8
"102104081332","0e0a6e4e61be4e86827a616c7e49c88b",1,1,20,10,8,8
"117301041130","0f26d7f7b06f4b93855c5a0a44a4a6d0",2,,,,,
"117301041130","0f26d7f7b06f4b93855c5a0a44a4a6d0",1,,,,,
"117301041130","0f26d7f7b06f4b93855c5a0a44a4a6d0",3,,,,,
"113105050532","103ae2d40d654ba6ae6314c148087521",1,1,0,1,,8
"113105050532","103ae2d40d654ba6ae6314c148087521",3,2,,,,
"113105050532","103ae2d40d654ba6ae6314c148087521",2,2,,,,
"317101010205","104d7f9eb5cc42939d5b89074e036cb9",3,1,31,36,9,9
"317101010205","104d7f9eb5cc42939d5b89074e036cb9",2,1,29,33,11,11
"317101010205","104d7f9eb5cc42939d5b89074e036cb9",1,1,21,25,11,11
"232101040606","1058921f8e3e4719beb3f8c64572daf1",1,2,,,,
"232101040606","1058921f8e3e4719beb3f8c64572daf1",2,2,,,,
"232101040606","1058921f8e3e4719beb3f8c64572daf1",3,2,,,,
"311105051111","10e47f214cb7482aa3d9da38fbb07f61",1,,,,,
"311105051111","10e47f214cb7482aa3d9da38fbb07f61",3,,,,,
"311105051111","10e47f214cb7482aa3d9da38fbb07f61",2,,,,,
"308102060619","1124288a21f7429c8e9307a11291b298",3,2,,,,
"308102060619","1124288a21f7429c8e9307a11291b298",2,1,96,48,11,6
"308102060619","1124288a21f7429c8e9307a11291b298",1,2,,,,
"327106020513","11324295e37b4bd8b91976e0d5e61df7",1,2,,,,
"327106020513","11324295e37b4bd8b91976e0d5e61df7",3,1,32,35,8,8
"327106020513","11324295e37b4bd8b91976e0d5e61df7",2,1,64,42,8,8
"102104020103","120745e30ae2426f86bb7f0dc22bbf48",1,,,,,
"102104020103","120745e30ae2426f86bb7f0dc22bbf48",2,,,,,
"102104020103","120745e30ae2426f86bb7f0dc22bbf48",3,,,,,
"219103170202","14b0a6db23fb42a683d40499e0651e1a",3,2,,,,
"219103170202","14b0a6db23fb42a683d40499e0651e1a",1,1,23,8,8,9
"219103170202","14b0a6db23fb42a683d40499e0651e1a",2,1,3,5,8,8
"115202070303","14c013df40e448d49e47f95ceab9d37e",2,1,2,2,6,6
"115202070303","14c013df40e448d49e47f95ceab9d37e",1,1,3,2,8,8
"115202070303","14c013df40e448d49e47f95ceab9d37e",3,1,2,2,11,11
"303404030404","1559b44962074f1fa1de10a1c4794e7f",1,1,18,24,9,9
"303404030404","1559b44962074f1fa1de10a1c4794e7f",2,1,20,20,9,9
"303404030404","1559b44962074f1fa1de10a1c4794e7f",3,1,36,42,9,9
"113105040201","15d825f70832453c8d77d9b0db1b716f",2,1,7,5,6,8
"113105040201","15d825f70832453c8d77d9b0db1b716f",3,1,11,8,8,8
"113105040201","15d825f70832453c8d77d9b0db1b716f",1,1,8,4,6,8
"223128010204","15daaf897d21429892bdbf6e9764ae66",3,2,,,,
"223128010204","15daaf897d21429892bdbf6e9764ae66",2,2,,,,
"223128010204","15daaf897d21429892bdbf6e9764ae66",1,1,0,1,,5
"322108020610","165176d72b6e412cad2ebc29b0a29ee2",1,1,35,40,9,11
"322108020610","165176d72b6e412cad2ebc29b0a29ee2",3,1,40,37,8,5
"322108020610","165176d72b6e412cad2ebc29b0a29ee2",2,1,50,35,8,5
"102104020313","179be7cbf9884e01833685dd902c2f22",3,,,,,
"102104020313","179be7cbf9884e01833685dd902c2f22",2,,,,,
"102104020313","179be7cbf9884e01833685dd902c2f22",1,,,,,
"113604010110","17ad285d62d7499fa34b4a79740f73fd",2,1,20,17,8,8
"113604010110","17ad285d62d7499fa34b4a79740f73fd",1,1,12,18,8,8
"113604010110","17ad285d62d7499fa34b4a79740f73fd",3,2,,,,
"221109050505","18cad48cbad4438ab7b9524abfdc566e",2,2,,,,
"221109050505","18cad48cbad4438ab7b9524abfdc566e",3,2,,,,
"221109050505","18cad48cbad4438ab7b9524abfdc566e",1,2,,,,
"123110030105","19e17412e1bb4367904771f4b7d723b1",3,1,10,10,96,96
"123110030105","19e17412e1bb4367904771f4b7d723b1",1,1,30,20,8,8
"123110030105","19e17412e1bb4367904771f4b7d723b1",2,1,20,10,11,11
"307108020605","1a7113db20214db7abccd7c463c86c4c",3,1,10,8,8,8
"307108020605","1a7113db20214db7abccd7c463c86c4c",1,1,14,18,8,8
"307108020605","1a7113db20214db7abccd7c463c86c4c",2,1,20,25,8,8
"226105051005","1abf78b9247749bf82b6875f5fa2caac",1,1,0,1,,8
"226105051005","1abf78b9247749bf82b6875f5fa2caac",2,2,,,,
"226105051005","1abf78b9247749bf82b6875f5fa2caac",3,1,1,1,9,5
"415115040706","1b8cc2c217144817bece19f488026244",3,2,,,,
"415115040706","1b8cc2c217144817bece19f488026244",1,2,,,,
"415115040706","1b8cc2c217144817bece19f488026244",2,2,,,,
"310102021618","1d1c39bd455d40e7adb33093f06cefb2",2,1,30,52,9,9
"310102021618","1d1c39bd455d40e7adb33093f06cefb2",1,1,24,35,9,9
"310102021618","1d1c39bd455d40e7adb33093f06cefb2",3,1,32,38,9,9
"208202080102","1eb5ffb1eeb14468bc6eb36b5bb54ef5",3,2,,,,
"208202080102","1eb5ffb1eeb14468bc6eb36b5bb54ef5",1,2,,,,
"208202080102","1eb5ffb1eeb14468bc6eb36b5bb54ef5",2,1,1,0,9,
"323104030201","1f82d12a97c547288165584527f40a15",2,1,52,60,11,11
"323104030201","1f82d12a97c547288165584527f40a15",1,1,60,70,11,11
"323104030201","1f82d12a97c547288165584527f40a15",3,1,58,66,9,11
"303201020510","1f9751e8115d473c98fdd74d60bf3cfe",3,,,,,
"303201020510","1f9751e8115d473c98fdd74d60bf3cfe",2,,,,,
"303201020510","1f9751e8115d473c98fdd74d60bf3cfe",1,,,,,
"411403030809","20b3dc70a2ef47ffab2bc7cf0cfde6b0",1,,,,,
"411403030809","20b3dc70a2ef47ffab2bc7cf0cfde6b0",3,,,,,
"411403030809","20b3dc70a2ef47ffab2bc7cf0cfde6b0",2,,,,,
"107305070203","22079ff2853f489cae51dabb6c99470d",3,1,80,55,6,5
"107305070203","22079ff2853f489cae51dabb6c99470d",2,1,48,50,6,6
"107305070203","22079ff2853f489cae51dabb6c99470d",1,1,50,45,6,5
"403201020515","22305ac5a3e1460c98eca90206d5b6bc",2,,,,,
"403201020515","22305ac5a3e1460c98eca90206d5b6bc",3,,,,,
"403201020515","22305ac5a3e1460c98eca90206d5b6bc",1,,,,,
"102105010613","2298e1b9396042d282a34faa2bbeac2d",2,1,5,5,8,8
"102105010613","2298e1b9396042d282a34faa2bbeac2d",3,1,2,11,8,8
"102105010613","2298e1b9396042d282a34faa2bbeac2d",1,1,3,7,8,8
"215115020203","23f6bb268b504e58856725154c372561",1,1,0,1,,9
"215115020203","23f6bb268b504e58856725154c372561",2,2,,,,
"215115020203","23f6bb268b504e58856725154c372561",3,2,,,,
"230105040506","24dff56428de471c8f2d55dc2ad1600a",3,,,,,
"230105040506","24dff56428de471c8f2d55dc2ad1600a",2,,,,,
"230105040506","24dff56428de471c8f2d55dc2ad1600a",1,,,,,
"102101080210","2687e3cb2fe0474abeda57d9a8c8ad32",3,,,,,
"102101080210","2687e3cb2fe0474abeda57d9a8c8ad32",2,,,,,
"102101080210","2687e3cb2fe0474abeda57d9a8c8ad32",1,,,,,
"216202030604","26be7462ce5e43d3b0b9cfdda3680cda",3,1,,,,
"216202030604","26be7462ce5e43d3b0b9cfdda3680cda",2,1,,,,
"216202030604","26be7462ce5e43d3b0b9cfdda3680cda",1,1,,,,
"404102030405","26eef9075b7349a0b4525e9ba09468a2",3,1,5,7,8,8
"404102030405","26eef9075b7349a0b4525e9ba09468a2",1,1,2,3,8,8
"404102030405","26eef9075b7349a0b4525e9ba09468a2",2,1,3,5,8,8
"409101040104","26f0c6653b8b4c1bad87410d14d90552",1,,,,,
"409101040104","26f0c6653b8b4c1bad87410d14d90552",3,,,,,
"409101040104","26f0c6653b8b4c1bad87410d14d90552",2,,,,,
"119104030404","293ecee7a80a482c9e10d861a7ee9c7c",3,1,2,2,8,8
"119104030404","293ecee7a80a482c9e10d861a7ee9c7c",2,1,2,2,96,96
"119104030404","293ecee7a80a482c9e10d861a7ee9c7c",1,1,3,3,11,11
"422107010808","29cc9b2639524c459e1b9c4f9837262e",1,2,,,,
"422107010808","29cc9b2639524c459e1b9c4f9837262e",2,2,,,,
"422107010808","29cc9b2639524c459e1b9c4f9837262e",3,2,,,,
"117302030901","2b8544e9cb7347bdb22735d3564fdf4e",1,,,,,
"117302030901","2b8544e9cb7347bdb22735d3564fdf4e",2,,,,,
"117302030901","2b8544e9cb7347bdb22735d3564fdf4e",3,,,,,
"102105130528","2bc65237da7d4f7995d38281b77b1e4b",2,1,,,,
"102105130528","2bc65237da7d4f7995d38281b77b1e4b",3,1,,,,
"102105130528","2bc65237da7d4f7995d38281b77b1e4b",1,1,,,,
"102105100433","2bea2c4985dd4f418a8c387b21ac7fbb",1,1,,,,
"102105100433","2bea2c4985dd4f418a8c387b21ac7fbb",2,1,,,,
"102105100433","2bea2c4985dd4f418a8c387b21ac7fbb",3,1,,,,
"102101040201","2c2b89bb4ed247988f21f5d27d2b69ff",2,,,,,
"102101040201","2c2b89bb4ed247988f21f5d27d2b69ff",3,,,,,
"102101040201","2c2b89bb4ed247988f21f5d27d2b69ff",1,,,,,
"107202060102","2c4950efbc4f485ca7901eed4a944579",1,1,5,7,96,11
"107202060102","2c4950efbc4f485ca7901eed4a944579",2,1,10,6,6,8
"107202060102","2c4950efbc4f485ca7901eed4a944579",3,2,,,,
"205107030213","2c5000cc7fa54db897421cefd55bae85",2,1,11,13,8,5
"205107030213","2c5000cc7fa54db897421cefd55bae85",1,1,9,8,5,5
"205107030213","2c5000cc7fa54db897421cefd55bae85",3,1,16,11,8,6
"330107010101","2c7dff734efc4ccb991e6cba613ab077",1,1,59,64,8,8
"330107010101","2c7dff734efc4ccb991e6cba613ab077",2,1,206,108,8,8
"330107010101","2c7dff734efc4ccb991e6cba613ab077",3,2,,,,
"303404010207","2c8f787219df44ad88f08faf238da056",2,1,2,3,8,4
"303404010207","2c8f787219df44ad88f08faf238da056",3,2,,,,
"303404010207","2c8f787219df44ad88f08faf238da056",1,1,1,1,9,4
"417103010710","2d21136097a4458a990cfe6f52865418",1,1,27,37,8,8
"417103010710","2d21136097a4458a990cfe6f52865418",2,1,28,33,8,8
"417103010710","2d21136097a4458a990cfe6f52865418",3,1,32,24,8,8
"124101050211","2f0258e282264dd6be94505229e6d055",3,1,30,45,8,8
"124101050211","2f0258e282264dd6be94505229e6d055",2,1,20,25,8,8
"124101050211","2f0258e282264dd6be94505229e6d055",1,1,35,50,11,5
"102102080506","2f3dadda9c4d49b89b8f3d25ecf05ddc",3,1,90,100,8,8
"102102080506","2f3dadda9c4d49b89b8f3d25ecf05ddc",2,1,120,150,8,8
"102102080506","2f3dadda9c4d49b89b8f3d25ecf05ddc",1,1,100,150,8,8
"106101090206","303f41c72565478cbb227a5e342ebc3e",1,1,10,18,8,8
"106101090206","303f41c72565478cbb227a5e342ebc3e",2,1,11,8,8,8
"106101090206","303f41c72565478cbb227a5e342ebc3e",3,1,12,15,8,8
"320102040601","30b9d5e1f9fe43dd8a86e6563a69e79a",1,1,120,80,9,9
"320102040601","30b9d5e1f9fe43dd8a86e6563a69e79a",2,1,210,221,9,9
"320102040601","30b9d5e1f9fe43dd8a86e6563a69e79a",3,1,316,219,9,9
"405302030405","30fa92d582c34ffb8cd59644c7cc475f",3,2,,,,
"405302030405","30fa92d582c34ffb8cd59644c7cc475f",1,2,,,,
"405302030405","30fa92d582c34ffb8cd59644c7cc475f",2,2,,,,
"318116050101","312a435313e24061969eab79d4d65731",1,1,61,9,11,11
"318116050101","312a435313e24061969eab79d4d65731",2,2,,,,
"318116050101","312a435313e24061969eab79d4d65731",3,2,,,,
"110207040309","31a3f66b54524494a74c267e31e91d05",2,1,17,23,8,8
"110207040309","31a3f66b54524494a74c267e31e91d05",3,2,,,,
"110207040309","31a3f66b54524494a74c267e31e91d05",1,1,15,10,8,11
"218115040101","32bb43e6ccef425296ce50b454dcdcf2",2,2,,,,
"218115040101","32bb43e6ccef425296ce50b454dcdcf2",1,1,0,1,,4
"218115040101","32bb43e6ccef425296ce50b454dcdcf2",3,1,0,3,,4
"201206020507","333db34cb0974453b19b4d13bf2506ac",3,,,,,
"201206020507","333db34cb0974453b19b4d13bf2506ac",2,,,,,
"201206020507","333db34cb0974453b19b4d13bf2506ac",1,,,,,
"115103020402","34533291de9b4e30a46add0d31cb8f27",2,1,32,25,8,8
"115103020402","34533291de9b4e30a46add0d31cb8f27",3,1,20,38,8,8
"115103020402","34533291de9b4e30a46add0d31cb8f27",1,1,24,30,8,8
"226101010214","349edf6fc6cb49ddb9bfeb044f66c642",1,1,0,1,,9
"226101010214","349edf6fc6cb49ddb9bfeb044f66c642",3,1,0,1,,5
"226101010214","349edf6fc6cb49ddb9bfeb044f66c642",2,2,,,,
"302201050803","34efbcdf896549f7b8f690de4d3ebdf7",3,1,36,28,9,5
"302201050803","34efbcdf896549f7b8f690de4d3ebdf7",2,1,42,38,9,5
"302201050803","34efbcdf896549f7b8f690de4d3ebdf7",1,1,53,49,9,5
"409301030405","362ff1525f0b427ebc84612761e41586",1,,,,,
"409301030405","362ff1525f0b427ebc84612761e41586",3,,,,,
"409301030405","362ff1525f0b427ebc84612761e41586",2,,,,,
"302101021503","369a2e686b0641f08735d83c69d92007",2,1,30,40,9,9
"302101021503","369a2e686b0641f08735d83c69d92007",3,1,38,45,9,5
"302101021503","369a2e686b0641f08735d83c69d92007",1,1,20,35,9,5
"311202010102","37c7d386630e44f0b224b90b5746a370",3,2,,,,
"311202010102","37c7d386630e44f0b224b90b5746a370",2,1,12,16,96,5
"311202010102","37c7d386630e44f0b224b90b5746a370",1,1,8,10,96,5
"321107061709","391f45ad2d3548e1a27bd7652fb6719f",1,1,35,45,11,11
"321107061709","391f45ad2d3548e1a27bd7652fb6719f",3,1,20,30,11,8
"321107061709","391f45ad2d3548e1a27bd7652fb6719f",2,1,23,45,11,4
"113406060107","39627200a32c4626bb07b5c5e5a292e7",1,1,3,2,8,8
"113406060107","39627200a32c4626bb07b5c5e5a292e7",2,1,2,1,8,8
"113406060107","39627200a32c4626bb07b5c5e5a292e7",3,1,6,2,8,8
"230105010304","39e38a8716404f4f8588e28c28dbc0d7",3,1,3,1,9,11
"230105010304","39e38a8716404f4f8588e28c28dbc0d7",2,1,2,3,9,11
"230105010304","39e38a8716404f4f8588e28c28dbc0d7",1,1,4,1,8,9
"302205050202","3a542ba2ee9a46dcb7835e47f9c7612c",2,1,12,15,8,11
"302205050202","3a542ba2ee9a46dcb7835e47f9c7612c",3,1,10,13,8,8
"302205050202","3a542ba2ee9a46dcb7835e47f9c7612c",1,1,15,20,9,9
"404207040904","3ac09195350c451580bdcc430347f62d",2,1,23,27,8,8
"404207040904","3ac09195350c451580bdcc430347f62d",1,1,21,19,8,8
"404207040904","3ac09195350c451580bdcc430347f62d",3,1,19,33,8,8
"329106020616","3b3c7af2481243f894a3a0b95ecb924a",3,1,20,50,8,5
"329106020616","3b3c7af2481243f894a3a0b95ecb924a",2,1,15,40,8,9
"329106020616","3b3c7af2481243f894a3a0b95ecb924a",1,1,10,20,8,9
"325103060210","3ce08aeb981a41a5bc347d2a41198d4c",2,1,120,110,11,11
"325103060210","3ce08aeb981a41a5bc347d2a41198d4c",3,1,130,125,11,11
"325103060210","3ce08aeb981a41a5bc347d2a41198d4c",1,1,140,120,11,11
"211105030205","3cf0a1fa46ae46828806f8595135cb16",1,2,,,,
"211105030205","3cf0a1fa46ae46828806f8595135cb16",2,2,,,,
"211105030205","3cf0a1fa46ae46828806f8595135cb16",3,1,1,1,9,8
"204302051318","3d61703566614f43b422c80f897bc1e4",3,1,4,4,9,8
"204302051318","3d61703566614f43b422c80f897bc1e4",1,1,5,7,6,11
"204302051318","3d61703566614f43b422c80f897bc1e4",2,1,6,2,6,8
"223108100606","3f41cdc7f4484a90894f7afe2a53b89b",3,2,,,,
"223108100606","3f41cdc7f4484a90894f7afe2a53b89b",1,1,1,2,9,5
"223108100606","3f41cdc7f4484a90894f7afe2a53b89b",2,2,,,,
"104104030820","40927a9f8da44e0980c45b12154cbe6e",2,,,,,
"104104030820","40927a9f8da44e0980c45b12154cbe6e",1,,,,,
"104104030820","40927a9f8da44e0980c45b12154cbe6e",3,,,,,
"303405071314","41d507da42f24faaa7e7d79bf789ee25",2,1,104,141,9,9
"303405071314","41d507da42f24faaa7e7d79bf789ee25",1,2,,,,
"303405071314","41d507da42f24faaa7e7d79bf789ee25",3,1,141,123,9,9
"203301010111","44c8e8b546fa4e92b4e149105804a139",3,,,,,
"203301010111","44c8e8b546fa4e92b4e149105804a139",2,,,,,
"203301010111","44c8e8b546fa4e92b4e149105804a139",1,,,,,
"202205030602","4582b29c263744c49916b533238ce553",2,1,4,9,9,11
"202205030602","4582b29c263744c49916b533238ce553",3,1,2,5,9,11
"202205030602","4582b29c263744c49916b533238ce553",1,1,6,3,8,9
"229104021009","45e2495043be477d9602ba8645c8bf4a",2,,,,,
"229104021009","45e2495043be477d9602ba8645c8bf4a",1,,,,,
"229104021009","45e2495043be477d9602ba8645c8bf4a",3,,,,,
"411302020404","468987393fd44482ae5a32350511eae9",2,1,34,41,8,8
"411302020404","468987393fd44482ae5a32350511eae9",3,1,43,37,8,8
"411302020404","468987393fd44482ae5a32350511eae9",1,1,24,30,8,8
"412201070408","46bc8364e56f4e2ab24e7cb582ffa6f5",1,1,18,14,6,5
"412201070408","46bc8364e56f4e2ab24e7cb582ffa6f5",2,1,21,12,6,5
"412201070408","46bc8364e56f4e2ab24e7cb582ffa6f5",3,1,8,16,6,5
"405203030403","481f3d44d4074b55b71c4bd5c9624349",1,2,,,,
"405203030403","481f3d44d4074b55b71c4bd5c9624349",2,2,,,,
"405203030403","481f3d44d4074b55b71c4bd5c9624349",3,2,,,,
"124101050312","49123f99dd9b4867a7ae5242708194e8",2,,,,,
"124101050312","49123f99dd9b4867a7ae5242708194e8",1,,,,,
"124101050312","49123f99dd9b4867a7ae5242708194e8",3,,,,,
"317107051210","4936d20fd0be487bb99a45cce8212c35",1,1,150,100,9,5
"317107051210","4936d20fd0be487bb99a45cce8212c35",3,1,80,50,9,5
"317107051210","4936d20fd0be487bb99a45cce8212c35",2,1,100,80,9,8
"104208040401","49d2684cbd464eefb0be494729d22b00",2,1,20,30,8,8
"104208040401","49d2684cbd464eefb0be494729d22b00",1,1,10,15,8,8
"104208040401","49d2684cbd464eefb0be494729d22b00",3,1,10,10,8,8
"102103041252","4af38353df164c5899db4e345313f601",1,,,,,
"102103041252","4af38353df164c5899db4e345313f601",2,,,,,
"102103041252","4af38353df164c5899db4e345313f601",3,,,,,
"102102020513","4b07af9a7bac48378ebe933289a62249",1,,,,,
"102102020513","4b07af9a7bac48378ebe933289a62249",3,,,,,
"102102020513","4b07af9a7bac48378ebe933289a62249",2,,,,,
"306203010305","4b14fdfdc4154af5a1bcb1b438adbdae",2,1,316,233,11,11
"306203010305","4b14fdfdc4154af5a1bcb1b438adbdae",1,1,310,196,11,11
"306203010305","4b14fdfdc4154af5a1bcb1b438adbdae",3,,,,,
"201203010310","4dd40973252a4df3b81cc3878d136268",1,1,6,3,9,11
"201203010310","4dd40973252a4df3b81cc3878d136268",2,1,4,8,9,8
"201203010310","4dd40973252a4df3b81cc3878d136268",3,1,2,0,8,
"212305020404","4e6fd738620241a78230c9437484db77",3,1,0,2,,6
"212305020404","4e6fd738620241a78230c9437484db77",2,1,0,1,,9
"212305020404","4e6fd738620241a78230c9437484db77",1,2,,,,
"110305010603","50a0e9476f3f4947b4d66dd8a705c802",2,1,5,5,11,11
"110305010603","50a0e9476f3f4947b4d66dd8a705c802",1,1,2,2,8,8
"110305010603","50a0e9476f3f4947b4d66dd8a705c802",3,1,3,3,6,7
"317103020201","51986b54676d4e3085ac48d351aad29f",3,1,30,20,8,9
"317103020201","51986b54676d4e3085ac48d351aad29f",2,1,60,50,8,8
"317103020201","51986b54676d4e3085ac48d351aad29f",1,1,50,60,8,8
"417201010905","527a88628b1c4245adb71c4662a1af4e",1,,,,,
"417201010905","527a88628b1c4245adb71c4662a1af4e",2,,,,,
"417201010905","527a88628b1c4245adb71c4662a1af4e",3,,,,,
"403101020501","5300060198c04c3485bf13651c7b82d3",2,,,,,
"403101020501","5300060198c04c3485bf13651c7b82d3",1,,,,,
"403101020501","5300060198c04c3485bf13651c7b82d3",3,,,,,
"116102050101","53fa8063d7db4987a04f9cae08506685",3,1,5,5,6,6
"116102050101","53fa8063d7db4987a04f9cae08506685",2,1,8,5,8,8
"116102050101","53fa8063d7db4987a04f9cae08506685",1,1,5,5,96,96
"230109050511","54d04063673a4a7ab972f1199ab4e1ff",3,1,11,9,8,12
"230109050511","54d04063673a4a7ab972f1199ab4e1ff",2,1,6,8,8,4
"230109050511","54d04063673a4a7ab972f1199ab4e1ff",1,1,9,5,11,4
"115303050716","559f5482d2fa4c78972662ac4ceb915d",1,1,14,20,8,8
"115303050716","559f5482d2fa4c78972662ac4ceb915d",2,1,10,18,8,8
"115303050716","559f5482d2fa4c78972662ac4ceb915d",3,2,,,,
"418104030103","55b84b9565e64200bcc7eaa60d8418c4",3,1,27,13,8,8
"418104030103","55b84b9565e64200bcc7eaa60d8418c4",2,1,17,10,8,8
"418104030103","55b84b9565e64200bcc7eaa60d8418c4",1,1,21,14,8,8
"303405070316","56225232b3034646ba8e9436724fa544",2,,,,,
"303405070316","56225232b3034646ba8e9436724fa544",3,,,,,
"303405070316","56225232b3034646ba8e9436724fa544",1,,,,,
"323106040915","57061e3264f84996a2ba50e00b820c3d",1,1,130,240,9,9
"323106040915","57061e3264f84996a2ba50e00b820c3d",2,1,150,170,9,9
"323106040915","57061e3264f84996a2ba50e00b820c3d",3,1,110,150,9,9
"419204020202","58cf916082f84b129b54810c4162440b",1,,,,,
"419204020202","58cf916082f84b129b54810c4162440b",2,,,,,
"419204020202","58cf916082f84b129b54810c4162440b",3,,,,,
"414116010603","58d95fc307344244a2c14cfc7eea34f1",3,1,24,26,8,8
"414116010603","58d95fc307344244a2c14cfc7eea34f1",2,1,19,7,8,8
"414116010603","58d95fc307344244a2c14cfc7eea34f1",1,1,22,17,8,8
"102103050203","59accfcda4d542a2bc8fa95683519618",3,,,,,
"102103050203","59accfcda4d542a2bc8fa95683519618",2,,,,,
"102103050203","59accfcda4d542a2bc8fa95683519618",1,,,,,
"205101020309","5a30e64718014fc9811f7bd9dfe1c1d2",2,,,,,
"205101020309","5a30e64718014fc9811f7bd9dfe1c1d2",3,,,,,
"205101020309","5a30e64718014fc9811f7bd9dfe1c1d2",1,,,,,
"215109020818","5b2bb8ba8da5434697e179c32987259f",3,2,,,,
"215109020818","5b2bb8ba8da5434697e179c32987259f",2,2,,,,
"215109020818","5b2bb8ba8da5434697e179c32987259f",1,1,1,1,8,6
"112204030107","5b3c6ba74736462184fa8b7243f7bb77",1,,,,,
"112204030107","5b3c6ba74736462184fa8b7243f7bb77",3,,,,,
"112204030107","5b3c6ba74736462184fa8b7243f7bb77",2,,,,,
"409203050902","5c104965b50542969565c120c3357a43",2,2,,,,
"409203050902","5c104965b50542969565c120c3357a43",3,2,,,,
"409203050902","5c104965b50542969565c120c3357a43",1,2,,,,
"319107020203","5c166c1642f340b8ba41cf7b91388623",1,1,30,52,6,9
"319107020203","5c166c1642f340b8ba41cf7b91388623",2,1,30,44,6,8
"319107020203","5c166c1642f340b8ba41cf7b91388623",3,1,12,21,8,8
"214108010504","5ed8795ec990433f86ac9edf56960494",3,,,,,
"214108010504","5ed8795ec990433f86ac9edf56960494",2,,,,,
"214108010504","5ed8795ec990433f86ac9edf56960494",1,,,,,
"115104030401","5f625ed846014f17a798653d56908b5a",1,1,5,5,8,8
"115104030401","5f625ed846014f17a798653d56908b5a",2,1,5,5,8,8
"115104030401","5f625ed846014f17a798653d56908b5a",3,1,4,4,96,96
"303503041111","5f9671150b6c4d8d8f955faff27f799c",3,,,,,
"303503041111","5f9671150b6c4d8d8f955faff27f799c",2,,,,,
"303503041111","5f9671150b6c4d8d8f955faff27f799c",1,,,,,
"204301010302","5f9c806271044865a1c49ca22b9b1289",2,1,13,10,8,8
"204301010302","5f9c806271044865a1c49ca22b9b1289",1,1,6,11,8,8
"204301010302","5f9c806271044865a1c49ca22b9b1289",3,1,4,9,8,8
"302303070505","5fd0f31f330a49a79109ca76f86e31f4",1,1,7,5,11,5
"302303070505","5fd0f31f330a49a79109ca76f86e31f4",2,1,5,7,11,5
"302303070505","5fd0f31f330a49a79109ca76f86e31f4",3,1,6,4,9,5
"110203060109","608bfd2bd5f84124be9fc9833b1caaac",2,1,5,8,6,6
"110203060109","608bfd2bd5f84124be9fc9833b1caaac",3,1,5,5,8,8
"110203060109","608bfd2bd5f84124be9fc9833b1caaac",1,1,10,10,11,11
"405104020509","61dc08d3c51a46b88c52bb99d71911c2",3,2,,,,
"405104020509","61dc08d3c51a46b88c52bb99d71911c2",2,2,,,,
"405104020509","61dc08d3c51a46b88c52bb99d71911c2",1,2,,,,
"212105040709","61e4b68c15e0457c9f6f2ff9180e9e7c",2,1,1,1,9,4
"212105040709","61e4b68c15e0457c9f6f2ff9180e9e7c",3,1,1,1,9,9
"212105040709","61e4b68c15e0457c9f6f2ff9180e9e7c",1,1,0,3,,5
"115206030602","62af21468f5b4edb904b87aa88566ce0",3,1,20,36,8,8
"115206030602","62af21468f5b4edb904b87aa88566ce0",2,1,30,40,8,8
"115206030602","62af21468f5b4edb904b87aa88566ce0",1,1,25,34,8,8
"211107030208","62f01c4bc6cf48c78a15d668e8e295ed",1,2,,,,
"211107030208","62f01c4bc6cf48c78a15d668e8e295ed",2,1,,,,
"211107030208","62f01c4bc6cf48c78a15d668e8e295ed",3,1,,,,
"417109040205","63ef3bf75fef4be68830b107eef9b96e",2,,,,,
"417109040205","63ef3bf75fef4be68830b107eef9b96e",3,,,,,
"417109040205","63ef3bf75fef4be68830b107eef9b96e",1,,,,,
"226102050810","645e8f52e0284da1af7439cac3420432",1,1,6,8,6,9
"226102050810","645e8f52e0284da1af7439cac3420432",3,1,6,2,9,8
"226102050810","645e8f52e0284da1af7439cac3420432",2,1,3,7,8,8
"412103070506","652892d80eef4dc886ac0f02c5e3747c",2,1,33,29,8,8
"412103070506","652892d80eef4dc886ac0f02c5e3747c",1,1,32,27,8,8
"412103070506","652892d80eef4dc886ac0f02c5e3747c",3,1,27,35,8,8
"423110010602","6576b15a95a04314b4f24e9060ca7bcb",2,2,,,,
"423110010602","6576b15a95a04314b4f24e9060ca7bcb",1,2,,,,
"423110010602","6576b15a95a04314b4f24e9060ca7bcb",3,2,,,,
"214102020611","6596c2921b4f49fcb7fa17cfa9d0786a",1,1,7,2,8,9
"214102020611","6596c2921b4f49fcb7fa17cfa9d0786a",3,1,3,7,9,11
"214102020611","6596c2921b4f49fcb7fa17cfa9d0786a",2,1,4,5,6,9
"222111021102","65e342045671412cbeb3d4ecbb507b80",3,1,4,1,8,8
"222111021102","65e342045671412cbeb3d4ecbb507b80",2,1,6,3,9,8
"222111021102","65e342045671412cbeb3d4ecbb507b80",1,1,4,7,6,11
"108301010115","663e019dae8f42e4aa5daaedc81619c0",3,2,,,,
"108301010115","663e019dae8f42e4aa5daaedc81619c0",2,2,,,,
"108301010115","663e019dae8f42e4aa5daaedc81619c0",1,2,,,,
"320108080103","664e98a3af9c4657a4af8f3dfb526818",2,1,70,77,9,9
"320108080103","664e98a3af9c4657a4af8f3dfb526818",1,2,,,,
"320108080103","664e98a3af9c4657a4af8f3dfb526818",3,1,88,91,9,9
"104105040311","67ac1b9b59384c0caead6c62332352cd",1,1,2,5,8,8
"104105040311","67ac1b9b59384c0caead6c62332352cd",3,1,3,3,11,11
"104105040311","67ac1b9b59384c0caead6c62332352cd",2,1,3,3,8,8
"306201010103","67d77e0fbf754e25affd8ba11aa608d4",2,1,0,7,,96
"306201010103","67d77e0fbf754e25affd8ba11aa608d4",1,2,,,,
"306201010103","67d77e0fbf754e25affd8ba11aa608d4",3,1,3,10,9,96
"215120020808","68984e8f107b4fcfbc983a0691df01bd",2,2,,,,
"215120020808","68984e8f107b4fcfbc983a0691df01bd",1,1,1,0,96,
"215120020808","68984e8f107b4fcfbc983a0691df01bd",3,2,,,,
"112104021001","68b87f690c5e4d41b26440d4af920eff",1,,,,,
"112104021001","68b87f690c5e4d41b26440d4af920eff",2,,,,,
"112104021001","68b87f690c5e4d41b26440d4af920eff",3,,,,,
"203202030310","69fdbce170a34999b98ced8ce8ccb437",1,,,,,
"203202030310","69fdbce170a34999b98ced8ce8ccb437",2,,,,,
"203202030310","69fdbce170a34999b98ced8ce8ccb437",3,,,,,
"406210060603","6aac54099d5446c99029c48d21edbab1",3,2,,,,
"406210060603","6aac54099d5446c99029c48d21edbab1",2,2,,,,
"406210060603","6aac54099d5446c99029c48d21edbab1",1,2,,,,
"418201020305","6be18dc7379a4d86ac204d6d08b614b7",2,1,15,21,8,8
"418201020305","6be18dc7379a4d86ac204d6d08b614b7",1,1,11,9,8,8
"418201020305","6be18dc7379a4d86ac204d6d08b614b7",3,1,19,13,8,8
"306204010301","6cb2e1bf1182402dbb626c64f4ba2cfb",2,1,4,8,11,11
"306204010301","6cb2e1bf1182402dbb626c64f4ba2cfb",3,1,7,11,11,11
"306204010301","6cb2e1bf1182402dbb626c64f4ba2cfb",1,1,23,26,11,11
"318102020202","6d561d7e1bb34b0480b61373102428fd",1,2,,,,
"318102020202","6d561d7e1bb34b0480b61373102428fd",3,2,,,,
"318102020202","6d561d7e1bb34b0480b61373102428fd",2,2,,,,
"411402020404","6d6546ea45a24ccf8284463ab31b6654",1,1,6,3,8,8
"411402020404","6d6546ea45a24ccf8284463ab31b6654",2,1,8,9,8,8
"411402020404","6d6546ea45a24ccf8284463ab31b6654",3,1,11,23,8,8
"223120020410","6e7a08685b68404b86a3cfd6815d3824",3,1,1,2,6,6
"223120020410","6e7a08685b68404b86a3cfd6815d3824",2,2,,,,
"223120020410","6e7a08685b68404b86a3cfd6815d3824",1,2,,,,
"214101060404","6ec8cecb648e4b6c974f20a8722affe1",3,1,8,15,11,9
"214101060404","6ec8cecb648e4b6c974f20a8722affe1",1,1,6,11,9,5
"214101060404","6ec8cecb648e4b6c974f20a8722affe1",2,1,4,9,6,5
"103107020109","6fb3d5bdcb87496da47243e3711c1dc0",3,1,5,5,6,6
"103107020109","6fb3d5bdcb87496da47243e3711c1dc0",2,1,10,10,6,5
"103107020109","6fb3d5bdcb87496da47243e3711c1dc0",1,1,10,20,8,8
"403301030215","712dd05dfdf54bc4ab5eb46fc55e1e5a",1,,,,,
"403301030215","712dd05dfdf54bc4ab5eb46fc55e1e5a",2,,,,,
"403301030215","712dd05dfdf54bc4ab5eb46fc55e1e5a",3,,,,,
"113113020418","73b6584e55df47ef8692caed8625a956",2,1,12,22,8,8
"113113020418","73b6584e55df47ef8692caed8625a956",1,1,28,24,8,8
"113113020418","73b6584e55df47ef8692caed8625a956",3,1,11,10,8,8
"111202061528","73edb914e5ec4a6c937147490826972f",3,1,5,5,11,11
"111202061528","73edb914e5ec4a6c937147490826972f",2,1,5,5,6,6
"111202061528","73edb914e5ec4a6c937147490826972f",1,1,5,5,8,8
"102103120844","74879a9428874965ae87feacedc0f2b4",2,2,,,,
"102103120844","74879a9428874965ae87feacedc0f2b4",1,2,,,,
"102103120844","74879a9428874965ae87feacedc0f2b4",3,2,,,,
"314105010202","75df2b5c7d6b49258b3614c8243de9b7",1,2,,,,
"314105010202","75df2b5c7d6b49258b3614c8243de9b7",3,2,,,,
"314105010202","75df2b5c7d6b49258b3614c8243de9b7",2,1,2,1,7,5
"225103041522","76a347dba3c945d9a2e4aae06a3c0037",3,1,0,1,,4
"225103041522","76a347dba3c945d9a2e4aae06a3c0037",1,1,0,1,,6
"225103041522","76a347dba3c945d9a2e4aae06a3c0037",2,1,0,1,,5
"412203040507","77b63a2a3a58466ca5b25c52c46907cb",2,1,53,66,8,8
"412203040507","77b63a2a3a58466ca5b25c52c46907cb",1,1,70,42,8,8
"412203040507","77b63a2a3a58466ca5b25c52c46907cb",3,1,59,75,8,8
"106106060103","78b1f1144ce740d7ac6429052767b4a1",1,1,2,2,8,8
"106106060103","78b1f1144ce740d7ac6429052767b4a1",2,1,2,3,11,11
"106106060103","78b1f1144ce740d7ac6429052767b4a1",3,1,2,2,9,9
"315105030209","7934cfadf18a4020840735d003867847",1,1,30,50,9,5
"315105030209","7934cfadf18a4020840735d003867847",3,1,28,30,9,5
"315105030209","7934cfadf18a4020840735d003867847",2,1,65,78,9,5
"113113060242","7a92a755edec4d6bae64f894ad5bc2f0",3,1,20,31,8,8
"113113060242","7a92a755edec4d6bae64f894ad5bc2f0",2,1,29,33,8,8
"113113060242","7a92a755edec4d6bae64f894ad5bc2f0",1,1,23,28,8,96
"415105020404","7af284e10f4046009386ca7cc0df56d7",2,2,,,,
"415105020404","7af284e10f4046009386ca7cc0df56d7",1,2,,,,
"415105020404","7af284e10f4046009386ca7cc0df56d7",3,2,,,,
"122105020311","7b71511069ca41d7952c83c3004520f3",1,1,5,5,8,8
"122105020311","7b71511069ca41d7952c83c3004520f3",3,1,3,3,96,96
"122105020311","7b71511069ca41d7952c83c3004520f3",2,1,8,12,11,11
"304204020110","7b91ac7196d446f7b7c4c92f86fbac42",1,1,20,30,8,8
"304204020110","7b91ac7196d446f7b7c4c92f86fbac42",2,1,20,30,8,8
"304204020110","7b91ac7196d446f7b7c4c92f86fbac42",3,1,25,35,8,8
"204301030308","7ceaac984dc44338a95f7d19824a5621",2,1,11,8,11,5
"204301030308","7ceaac984dc44338a95f7d19824a5621",3,1,5,3,6,7
"204301030308","7ceaac984dc44338a95f7d19824a5621",1,1,8,9,11,5
"203202040303","7f25311583624b7487a569df466b24ac",3,,,,,
"203202040303","7f25311583624b7487a569df466b24ac",1,,,,,
"203202040303","7f25311583624b7487a569df466b24ac",2,,,,,
"407106021906","80c5e48699bc48b29bf11f38cdc04fc5",1,2,,,,
"407106021906","80c5e48699bc48b29bf11f38cdc04fc5",2,2,,,,
"407106021906","80c5e48699bc48b29bf11f38cdc04fc5",3,2,,,,
"112102030202","81def38cfed24edd80e47b293c3bc0b9",1,1,5,5,8,8
"112102030202","81def38cfed24edd80e47b293c3bc0b9",2,1,3,3,6,6
"112102030202","81def38cfed24edd80e47b293c3bc0b9",3,1,3,4,11,11
"306204020605","81f2300746cc4b068c95f765f2b403ba",1,1,2,0,96,
"306204020605","81f2300746cc4b068c95f765f2b403ba",3,2,,,,
"306204020605","81f2300746cc4b068c95f765f2b403ba",2,2,,,,
"410101040507","824efbe20846431fba549104887331e5",3,1,9,11,8,8
"410101040507","824efbe20846431fba549104887331e5",1,1,3,5,8,8
"410101040507","824efbe20846431fba549104887331e5",2,1,5,3,8,8
"102103050439","825a4d9c10674fb68ae9182bf65152ca",2,,,,,
"102103050439","825a4d9c10674fb68ae9182bf65152ca",3,,,,,
"102103050439","825a4d9c10674fb68ae9182bf65152ca",1,,,,,
"309104050403","82e2ee46332f4f5c854335056696f881",3,1,50,76,9,9
"309104050403","82e2ee46332f4f5c854335056696f881",2,1,75,82,9,9
"309104050403","82e2ee46332f4f5c854335056696f881",1,1,49,57,9,9
"324101011403","865a0a2dd0d442a6aeb227dbd3367b05",1,1,1,0,96,
"324101011403","865a0a2dd0d442a6aeb227dbd3367b05",2,1,1,0,3,
"324101011403","865a0a2dd0d442a6aeb227dbd3367b05",3,2,,,,
"117201050401","87d1a29404f24095af33c51ad6ddf04b",2,1,16,18,8,8
"117201050401","87d1a29404f24095af33c51ad6ddf04b",1,1,5,8,8,8
"117201050401","87d1a29404f24095af33c51ad6ddf04b",3,2,,,,
"318114020701","8b2193d437e64893a12f1635d1aae2bd",2,1,0,1,,4
"318114020701","8b2193d437e64893a12f1635d1aae2bd",3,2,,,,
"318114020701","8b2193d437e64893a12f1635d1aae2bd",1,2,,,,
"211106070404","8c60b24c5d69459ab88587107842bf8a",1,1,0,2,,9
"211106070404","8c60b24c5d69459ab88587107842bf8a",2,2,,,,
"211106070404","8c60b24c5d69459ab88587107842bf8a",3,2,,,,
"406212010207","8da56015c708420985ff1484fc7d3201",3,2,,,,
"406212010207","8da56015c708420985ff1484fc7d3201",2,2,,,,
"406212010207","8da56015c708420985ff1484fc7d3201",1,2,,,,
"102102060108","8ed0e75643204d23b4513def2c5cc970",1,1,4,22,8,8
"102102060108","8ed0e75643204d23b4513def2c5cc970",3,1,17,10,8,8
"102102060108","8ed0e75643204d23b4513def2c5cc970",2,1,7,30,8,96
"110206030911","8f69cfcd9bea4a2a9339fd61390606cf",2,,,,,
"110206030911","8f69cfcd9bea4a2a9339fd61390606cf",3,,,,,
"110206030911","8f69cfcd9bea4a2a9339fd61390606cf",1,,,,,
"105105020108","909b86e277fe480492fe605802d4b272",2,1,30,25,8,8
"105105020108","909b86e277fe480492fe605802d4b272",3,1,20,24,8,8
"105105020108","909b86e277fe480492fe605802d4b272",1,1,20,10,6,8
"125105010702","91e89e7118c041fba1ad3f88cbbfb499",3,1,9,5,6,8
"125105010702","91e89e7118c041fba1ad3f88cbbfb499",1,1,10,6,96,6
"125105010702","91e89e7118c041fba1ad3f88cbbfb499",2,1,4,7,8,6
"226104040305","92722375ee7a4828bfbc6565b7a5e522",2,1,1,1,11,4
"226104040305","92722375ee7a4828bfbc6565b7a5e522",1,2,,,,
"226104040305","92722375ee7a4828bfbc6565b7a5e522",3,2,,,,
"311102010107","93268921598f4e95a6cbaa15387322f4",2,1,5,4,3,3
"311102010107","93268921598f4e95a6cbaa15387322f4",3,2,,,,
"311102010107","93268921598f4e95a6cbaa15387322f4",1,1,3,7,3,3
"303202060606","942d21651db14547a1a55d163147f3be",1,1,100,109,9,9
"303202060606","942d21651db14547a1a55d163147f3be",3,2,,,,
"303202060606","942d21651db14547a1a55d163147f3be",2,2,,,,
"422102010506","94a28a335ad8409da18694d554dc6a82",2,2,,,,
"422102010506","94a28a335ad8409da18694d554dc6a82",3,2,,,,
"422102010506","94a28a335ad8409da18694d554dc6a82",1,2,,,,
"224105051111","94ae3c15a2df427092546208e7da8501",1,,,,,
"224105051111","94ae3c15a2df427092546208e7da8501",2,,,,,
"224105051111","94ae3c15a2df427092546208e7da8501",3,,,,,
"210306040102","94d6a92de2aa41848c815b4f7ca810d6",2,2,,,,
"210306040102","94d6a92de2aa41848c815b4f7ca810d6",1,1,0,1,,4
"210306040102","94d6a92de2aa41848c815b4f7ca810d6",3,2,,,,
"410303060103","94e8fb8cab7846d5a723aa902f6d1e1e",2,1,12,9,8,8
"410303060103","94e8fb8cab7846d5a723aa902f6d1e1e",1,1,7,8,8,8
"410303060103","94e8fb8cab7846d5a723aa902f6d1e1e",3,1,13,17,8,8
"124104040103","977cf8b59c214cd6806539e994d0a6d9",1,1,16,30,8,8
"124104040103","977cf8b59c214cd6806539e994d0a6d9",2,1,20,25,8,8
"124104040103","977cf8b59c214cd6806539e994d0a6d9",3,1,15,24,8,8
"405211011114","9836e079cdd949e5afc70c7dcb3980c3",1,2,,,,
"405211011114","9836e079cdd949e5afc70c7dcb3980c3",3,2,,,,
"405211011114","9836e079cdd949e5afc70c7dcb3980c3",2,2,,,,
"318103020406","987cf3a3f3f04a53b6295c44afed7cec",2,2,,,,
"318103020406","987cf3a3f3f04a53b6295c44afed7cec",1,2,,,,
"318103020406","987cf3a3f3f04a53b6295c44afed7cec",3,2,,,,
"312105020216","989fa310b63545678cb56e3f009ee547",1,1,24,33,11,11
"312105020216","989fa310b63545678cb56e3f009ee547",2,1,14,19,96,5
"312105020216","989fa310b63545678cb56e3f009ee547",3,1,11,18,8,11
"124103021620","98c92ebc81274b48a478e3f3bdecc8d9",2,1,12,12,8,8
"124103021620","98c92ebc81274b48a478e3f3bdecc8d9",1,1,15,10,8,4
"124103021620","98c92ebc81274b48a478e3f3bdecc8d9",3,1,16,15,8,8
"417202010210","98ff8b8f68354855b3a47628eb2e3b13",2,1,19,23,8,8
"417202010210","98ff8b8f68354855b3a47628eb2e3b13",3,1,33,29,8,8
"417202010210","98ff8b8f68354855b3a47628eb2e3b13",1,1,21,38,8,8
"113301050411","991ea35afb8c4a5a91bded275d3a43cb",1,1,32,24,8,8
"113301050411","991ea35afb8c4a5a91bded275d3a43cb",2,1,27,30,8,5
"113301050411","991ea35afb8c4a5a91bded275d3a43cb",3,1,20,25,8,8
"232203040502","9ae38f33171f4fb89797a28ed8c32b32",2,2,,,,
"232203040502","9ae38f33171f4fb89797a28ed8c32b32",1,2,,,,
"232203040502","9ae38f33171f4fb89797a28ed8c32b32",3,2,,,,
"102105040650","9b29a92d675346708b3ed22f07d63387",3,2,,,,
"102105040650","9b29a92d675346708b3ed22f07d63387",1,1,30,36,8,8
"102105040650","9b29a92d675346708b3ed22f07d63387",2,1,29,33,8,8
"111102010811","9c42c15316c04419af74c9404cb4c0f5",1,1,2,4,11,11
"111102010811","9c42c15316c04419af74c9404cb4c0f5",2,1,2,5,8,8
"111102010811","9c42c15316c04419af74c9404cb4c0f5",3,1,1,4,6,5
"214101040303","9c877a6abcc44e259474046f89edb89f",3,2,,,,
"214101040303","9c877a6abcc44e259474046f89edb89f",2,2,,,,
"214101040303","9c877a6abcc44e259474046f89edb89f",1,2,,,,
"102104190357","9ecbe56df9f249d3be5a6ba4df28dccc",1,1,24,42,8,8
"102104190357","9ecbe56df9f249d3be5a6ba4df28dccc",2,1,34,44,8,8
"102104190357","9ecbe56df9f249d3be5a6ba4df28dccc",3,2,,,,
"327103030510","9ef24898f0e04e6f9f4c6561cca96f24",1,1,1,0,9,
"327103030510","9ef24898f0e04e6f9f4c6561cca96f24",2,1,1,1,9,3
"327103030510","9ef24898f0e04e6f9f4c6561cca96f24",3,1,1,0,9,
"214113010305","a03a17e845b8444b8e147d5e95b315f0",2,,,,,
"214113010305","a03a17e845b8444b8e147d5e95b315f0",3,,,,,
"214113010305","a03a17e845b8444b8e147d5e95b315f0",1,,,,,
"304301040405","a0525377534b48f0bb0d4c99d963fda6",1,1,40,45,8,5
"304301040405","a0525377534b48f0bb0d4c99d963fda6",2,1,30,40,8,5
"304301040405","a0525377534b48f0bb0d4c99d963fda6",3,1,37,30,9,5
"204301020206","a221543631f54480bde0e51df15c6361",1,,,,,
"204301020206","a221543631f54480bde0e51df15c6361",2,,,,,
"204301020206","a221543631f54480bde0e51df15c6361",3,,,,,
"307108030908","a29bda3a56964baba85e14f3c2abf988",3,1,18,23,11,4
"307108030908","a29bda3a56964baba85e14f3c2abf988",1,1,20,18,11,11
"307108030908","a29bda3a56964baba85e14f3c2abf988",2,1,24,21,8,8
"321106010504","a3908ba3b92f4fef9ad80450371afeb4",3,1,69,49,9,5
"321106010504","a3908ba3b92f4fef9ad80450371afeb4",2,1,15,8,9,4
"321106010504","a3908ba3b92f4fef9ad80450371afeb4",1,1,10,20,9,4
"102104163014","a4729f20438e49378506cba98596f46c",3,,,,,
"102104163014","a4729f20438e49378506cba98596f46c",2,,,,,
"102104163014","a4729f20438e49378506cba98596f46c",1,,,,,
"418202010203","a5e08a9b241643949baeb09fac3ee420",2,1,15,5,8,8
"418202010203","a5e08a9b241643949baeb09fac3ee420",1,1,7,12,8,8
"418202010203","a5e08a9b241643949baeb09fac3ee420",3,1,19,13,8,8
"108301050512","a93651e6ad8d4de2af53d25e4a9fc082",2,1,20,40,6,96
"108301050512","a93651e6ad8d4de2af53d25e4a9fc082",3,1,30,40,6,8
"108301050512","a93651e6ad8d4de2af53d25e4a9fc082",1,1,26,19,6,8
"322111041206","a9b092b3952f4ec082794dec24de21a1",1,1,50,65,9,9
"322111041206","a9b092b3952f4ec082794dec24de21a1",3,1,50,65,9,5
"322111041206","a9b092b3952f4ec082794dec24de21a1",2,1,45,55,9,5
"310202030204","aeefbdde40724ba291ecf85534647db2",1,1,13,18,9,9
"310202030204","aeefbdde40724ba291ecf85534647db2",2,1,18,24,9,9
"310202030204","aeefbdde40724ba291ecf85534647db2",3,1,34,25,96,96
"111202040320","b00970f7c1fd483599d25b5d7a2c0399",1,1,3,5,8,8
"111202040320","b00970f7c1fd483599d25b5d7a2c0399",3,1,1,3,6,4
"111202040320","b00970f7c1fd483599d25b5d7a2c0399",2,1,3,3,11,11
"319203030409","b0b5ef4a81ee42299b12a7926ba93f4f",2,2,,,,
"319203030409","b0b5ef4a81ee42299b12a7926ba93f4f",1,2,,,,
"319203030409","b0b5ef4a81ee42299b12a7926ba93f4f",3,2,,,,
"101204020501","b0cd107e76604c5c8367347965a11428",1,,,,,
"101204020501","b0cd107e76604c5c8367347965a11428",2,,,,,
"101204020501","b0cd107e76604c5c8367347965a11428",3,,,,,
"117302060527","b105a36a56b84f6ba66b7d1e2ffc388b",3,1,8,8,11,11
"117302060527","b105a36a56b84f6ba66b7d1e2ffc388b",2,1,5,5,6,6
"117302060527","b105a36a56b84f6ba66b7d1e2ffc388b",1,1,10,10,8,8
"303402040806","b136b27d91194229a3d2dcf9252a325e",3,2,,,,
"303402040806","b136b27d91194229a3d2dcf9252a325e",2,2,,,,
"303402040806","b136b27d91194229a3d2dcf9252a325e",1,2,,,,
"310306030909","b137ae14a69249ff994a536b0461599c",1,2,,,,
"310306030909","b137ae14a69249ff994a536b0461599c",3,1,70,102,9,9
"310306030909","b137ae14a69249ff994a536b0461599c",2,1,1,0,9,
"410201010654","b2e36352f5d9409abcd9ff6850c9a17f",3,,,,,
"410201010654","b2e36352f5d9409abcd9ff6850c9a17f",2,,,,,
"410201010654","b2e36352f5d9409abcd9ff6850c9a17f",1,,,,,
"120106010101","b330812745fa4e77a5f536a967849f73",2,1,5,5,8,8
"120106010101","b330812745fa4e77a5f536a967849f73",3,2,,,,
"120106010101","b330812745fa4e77a5f536a967849f73",1,1,4,6,8,8
"309103050101","b341d8d46699459d85270dbbf9234423",2,1,202,138,8,8
"309103050101","b341d8d46699459d85270dbbf9234423",3,1,16,5,9,9
"309103050101","b341d8d46699459d85270dbbf9234423",1,2,,,,
"324104010503","b4251f797f5f4785bc4d7bf83cf21cad",3,,,,,
"324104010503","b4251f797f5f4785bc4d7bf83cf21cad",2,,,,,
"324104010503","b4251f797f5f4785bc4d7bf83cf21cad",1,,,,,
"218103021305","b562c88957c5417886afa6977f5b2965",2,1,1,0,12,
"218103021305","b562c88957c5417886afa6977f5b2965",3,1,1,1,6,6
"218103021305","b562c88957c5417886afa6977f5b2965",1,1,0,1,,9
"113301010130","b59699570a7a45afbefd3140dd85b87e",3,1,0,0,,
"113301010130","b59699570a7a45afbefd3140dd85b87e",2,1,0,0,,
"113301010130","b59699570a7a45afbefd3140dd85b87e",1,1,0,0,,
"302204050508","b60db776f7044c0993c08a34296e7410",2,1,28,24,11,4
"302204050508","b60db776f7044c0993c08a34296e7410",1,1,24,22,9,4
"302204050508","b60db776f7044c0993c08a34296e7410",3,1,18,14,9,4
"424105020201","b6beade8c2fb4ba7b72316080719a6ae",1,1,4,12,6,11
"424105020201","b6beade8c2fb4ba7b72316080719a6ae",3,2,,,,
"424105020201","b6beade8c2fb4ba7b72316080719a6ae",2,2,,,,
"314101030304","b6c120c8e36f4d488a1d22da070a6a01",1,,,,,
"314101030304","b6c120c8e36f4d488a1d22da070a6a01",2,,,,,
"314101030304","b6c120c8e36f4d488a1d22da070a6a01",3,,,,,
"321105050214","b71b6b7c544e41fb929294eed370b7cf",3,1,35,35,9,9
"321105050214","b71b6b7c544e41fb929294eed370b7cf",2,1,15,30,9,5
"321105050214","b71b6b7c544e41fb929294eed370b7cf",1,1,22,16,9,4
"110306010205","b92db033a86e4abbae72c6347c5b82c8",3,1,5,5,8,8
"110306010205","b92db033a86e4abbae72c6347c5b82c8",1,1,5,10,96,96
"110306010205","b92db033a86e4abbae72c6347c5b82c8",2,1,5,5,6,6
"406201020310","bad2132fae8a42459b20c2aede01de05",2,2,,,,
"406201020310","bad2132fae8a42459b20c2aede01de05",3,2,,,,
"406201020310","bad2132fae8a42459b20c2aede01de05",1,2,,,,
"408102011215","bb6db2bb7e894ee6b96c81013a338db0",3,1,12,18,8,8
"408102011215","bb6db2bb7e894ee6b96c81013a338db0",2,1,8,9,6,6
"408102011215","bb6db2bb7e894ee6b96c81013a338db0",1,1,4,3,6,6
"209201010506","bb91dac00ca941ac91a0e1569d4a6dc8",2,1,0,1,,9
"209201010506","bb91dac00ca941ac91a0e1569d4a6dc8",1,1,0,1,,9
"209201010506","bb91dac00ca941ac91a0e1569d4a6dc8",3,2,,,,
"117301041137","bbb3f63e02a24e3db0e1e1e424e4a991",1,1,6,9,11,11
"117301041137","bbb3f63e02a24e3db0e1e1e424e4a991",3,1,1,4,10,11
"117301041137","bbb3f63e02a24e3db0e1e1e424e4a991",2,1,3,5,8,8
"402210030714","bbd5aebfc1a54cf6826cbe7b44ec361d",2,,,,,
"402210030714","bbd5aebfc1a54cf6826cbe7b44ec361d",3,,,,,
"402210030714","bbd5aebfc1a54cf6826cbe7b44ec361d",1,,,,,
"420107040304","bcc6e03bb2a543348878ca4889658ee5",1,2,,,,
"420107040304","bcc6e03bb2a543348878ca4889658ee5",3,2,,,,
"420107040304","bcc6e03bb2a543348878ca4889658ee5",2,1,128,159,6,8
"318112010303","bcf4623a365e43579a50ae7608a20bb4",1,1,289,126,11,11
"318112010303","bcf4623a365e43579a50ae7608a20bb4",2,1,30,50,11,11
"318112010303","bcf4623a365e43579a50ae7608a20bb4",3,1,36,96,11,11
"221109020302","bfade52afbbe499582123960bdf484ad",1,1,1,0,9,
"221109020302","bfade52afbbe499582123960bdf484ad",2,1,1,1,8,5
"221109020302","bfade52afbbe499582123960bdf484ad",3,1,1,2,9,5
"325103060113","bfc868c5c5914281b9d9bd1182bec578",3,1,130,125,11,11
"325103060113","bfc868c5c5914281b9d9bd1182bec578",1,1,140,120,11,11
"325103060113","bfc868c5c5914281b9d9bd1182bec578",2,1,120,110,11,11
"307108030304","c015bae305344f96818cc01ab60541c4",1,,,,,
"307108030304","c015bae305344f96818cc01ab60541c4",3,,,,,
"307108030304","c015bae305344f96818cc01ab60541c4",2,,,,,
"310306040802","c14a86da4ace4064b4410807ad90f8cc",2,1,50,34,96,6
"310306040802","c14a86da4ace4064b4410807ad90f8cc",3,1,44,35,9,9
"310306040802","c14a86da4ace4064b4410807ad90f8cc",1,1,47,92,9,9
"210306040101","c1a22955cf934b9386559182a0c46c8d",3,2,,,,
"210306040101","c1a22955cf934b9386559182a0c46c8d",1,1,0,1,,4
"210306040101","c1a22955cf934b9386559182a0c46c8d",2,2,,,,
"432205040203","c208d41946924e27803193316fe645f0",2,2,,,,
"432205040203","c208d41946924e27803193316fe645f0",1,2,,,,
"432205040203","c208d41946924e27803193316fe645f0",3,2,,,,
"124108021108","c2a083238ac94fc8a0b48e3330a8a611",2,,,,,
"124108021108","c2a083238ac94fc8a0b48e3330a8a611",3,,,,,
"124108021108","c2a083238ac94fc8a0b48e3330a8a611",1,,,,,
"107402030203","c33561448066434395fe6c8445631c87",2,1,36,32,8,8
"107402030203","c33561448066434395fe6c8445631c87",1,1,55,87,8,8
"107402030203","c33561448066434395fe6c8445631c87",3,1,43,54,8,8
"321103040514","c40d2554992447aaab0c9ed075204836",3,1,30,60,9,4
"321103040514","c40d2554992447aaab0c9ed075204836",1,1,10,30,9,5
"321103040514","c40d2554992447aaab0c9ed075204836",2,1,20,50,9,5
"311103020202","c5a985e708a74594a6c4522354013a9a",3,1,7,8,96,96
"311103020202","c5a985e708a74594a6c4522354013a9a",2,1,76,71,96,96
"311103020202","c5a985e708a74594a6c4522354013a9a",1,2,,,,
"225114032604","c7bcab112852484b816748e5dc6c1d12",2,1,0,2,,5
"225114032604","c7bcab112852484b816748e5dc6c1d12",1,1,0,1,,5
"225114032604","c7bcab112852484b816748e5dc6c1d12",3,1,1,0,6,
"426202040101","c997c4379310457193d2e4fec060d957",2,1,9,3,8,8
"426202040101","c997c4379310457193d2e4fec060d957",3,1,11,6,8,8
"426202040101","c997c4379310457193d2e4fec060d957",1,1,6,7,8,8
"304102010107","c9f3e3b01148416390d788c451e83853",3,1,16,8,11,11
"304102010107","c9f3e3b01148416390d788c451e83853",2,1,34,24,96,96
"304102010107","c9f3e3b01148416390d788c451e83853",1,1,10,6,11,11
"402208050714","ca4736d2f7a74a899d7997d614ac6c76",2,1,5,2,8,8
"402208050714","ca4736d2f7a74a899d7997d614ac6c76",1,1,3,3,8,8
"402208050714","ca4736d2f7a74a899d7997d614ac6c76",3,1,3,9,8,8
"212202010105","caa6f80f888744d0aaaf2e19676dcd23",3,2,,,,
"212202010105","caa6f80f888744d0aaaf2e19676dcd23",2,1,1,1,8,4
"212202010105","caa6f80f888744d0aaaf2e19676dcd23",1,2,,,,
"228102030405","cbe3a418c67c4370af13683f11d44636",3,2,,,,
"228102030405","cbe3a418c67c4370af13683f11d44636",2,2,,,,
"228102030405","cbe3a418c67c4370af13683f11d44636",1,2,,,,
"408113040517","cc8047dc8a484aaa9836d72178b1780c",1,1,30,50,5,6
"408113040517","cc8047dc8a484aaa9836d72178b1780c",2,1,50,70,5,6
"408113040517","cc8047dc8a484aaa9836d72178b1780c",3,1,20,44,6,5
"325107010301","cd1474d77fac421a97691e211fcbba4c",3,1,40,50,8,5
"325107010301","cd1474d77fac421a97691e211fcbba4c",1,1,30,50,9,5
"325107010301","cd1474d77fac421a97691e211fcbba4c",2,1,20,30,9,4
"408112020621","ce05dd69d60e43e28966bf07a745ce3d",2,1,30,50,6,6
"408112020621","ce05dd69d60e43e28966bf07a745ce3d",1,1,35,25,6,6
"408112020621","ce05dd69d60e43e28966bf07a745ce3d",3,1,40,80,6,6
"427202040214","ce31748c847d40a9ad2150a36c2438dc",3,2,,,,
"427202040214","ce31748c847d40a9ad2150a36c2438dc",2,2,,,,
"427202040214","ce31748c847d40a9ad2150a36c2438dc",1,2,,,,
"103105050501","cedfce2c57e641d18f8cb9d9c783e6a3",1,1,10,18,6,6
"103105050501","cedfce2c57e641d18f8cb9d9c783e6a3",2,1,4,10,11,6
"103105050501","cedfce2c57e641d18f8cb9d9c783e6a3",3,1,5,12,8,6
"102105150507","d091d72bf34743fa8b42d63d78c6c4d2",3,1,26,15,8,8
"102105150507","d091d72bf34743fa8b42d63d78c6c4d2",1,1,102,95,8,8
"102105150507","d091d72bf34743fa8b42d63d78c6c4d2",2,1,94,58,8,8
"310306041001","d4b645c8dabe4a14801fbe211d9dac91",1,,,,,
"310306041001","d4b645c8dabe4a14801fbe211d9dac91",2,,,,,
"310306041001","d4b645c8dabe4a14801fbe211d9dac91",3,,,,,
"110204010703","d4e9ef0dc2b74bf38dcb92726ad41f5d",3,2,,,,
"110204010703","d4e9ef0dc2b74bf38dcb92726ad41f5d",2,2,,,,
"110204010703","d4e9ef0dc2b74bf38dcb92726ad41f5d",1,1,10,16,8,8
"307108030708","d56d66a6c7584c298f2d3d3fa7389f35",3,,,,,
"307108030708","d56d66a6c7584c298f2d3d3fa7389f35",2,,,,,
"307108030708","d56d66a6c7584c298f2d3d3fa7389f35",1,,,,,
"122102060404","d63a27ac1a6d4af89a64a7cbcd3d4291",2,1,9,6,8,8
"122102060404","d63a27ac1a6d4af89a64a7cbcd3d4291",3,1,8,10,8,8
"122102060404","d63a27ac1a6d4af89a64a7cbcd3d4291",1,1,7,7,8,8
"212104030611","d63ba4eb8a1c4a0e9cca5826e2affa7e",1,2,,,,
"212104030611","d63ba4eb8a1c4a0e9cca5826e2affa7e",3,2,,,,
"212104030611","d63ba4eb8a1c4a0e9cca5826e2affa7e",2,1,2,2,9,5
"102102050406","d6aa486f005240b6b7cb24f89a40734e",2,1,4,4,8,8
"102102050406","d6aa486f005240b6b7cb24f89a40734e",1,1,6,8,8,8
"102102050406","d6aa486f005240b6b7cb24f89a40734e",3,1,12,8,8,8
"323108030411","d7b1236aabb94f6bb30da9c00b33bf61",2,1,98,111,11,11
"323108030411","d7b1236aabb94f6bb30da9c00b33bf61",3,1,90,120,9,4
"323108030411","d7b1236aabb94f6bb30da9c00b33bf61",1,1,102,132,11,11
"303504020504","d7df893335d04af7acb5f703066383af",3,1,20,18,9,9
"303504020504","d7df893335d04af7acb5f703066383af",1,1,13,13,9,9
"303504020504","d7df893335d04af7acb5f703066383af",2,1,14,18,9,9
"403105050205","d84f5f9e3a694d3ea5d8c6bc57726b98",1,2,,,,
"403105050205","d84f5f9e3a694d3ea5d8c6bc57726b98",3,2,,,,
"403105050205","d84f5f9e3a694d3ea5d8c6bc57726b98",2,2,,,,
"102103060631","d8e480e0083545f38d88e7ca1753924c",2,,,,,
"102103060631","d8e480e0083545f38d88e7ca1753924c",1,,,,,
"102103060631","d8e480e0083545f38d88e7ca1753924c",3,,,,,
"406303070608","d983e831143f41a08ffd423010b5dfa6",2,2,,,,
"406303070608","d983e831143f41a08ffd423010b5dfa6",3,2,,,,
"406303070608","d983e831143f41a08ffd423010b5dfa6",1,2,,,,
"325101020514","da5e5ab5a00e480683eae461cba99b13",2,1,33,74,11,5
"325101020514","da5e5ab5a00e480683eae461cba99b13",1,1,120,47,11,5
"325101020514","da5e5ab5a00e480683eae461cba99b13",3,1,99,111,11,5
"223126011515","da7a73e6a46542769c99839dcac87f10",1,,,,,
"223126011515","da7a73e6a46542769c99839dcac87f10",2,,,,,
"223126011515","da7a73e6a46542769c99839dcac87f10",3,,,,,
"102103080303","db979bdcd2e148f98742974d2a4f9371",3,1,16,16,8,8
"102103080303","db979bdcd2e148f98742974d2a4f9371",1,1,14,16,8,8
"102103080303","db979bdcd2e148f98742974d2a4f9371",2,1,15,16,8,8
"122106021812","dc1776a9a0e14f4582ec0425908ceea5",3,1,5,5,9,9
"122106021812","dc1776a9a0e14f4582ec0425908ceea5",1,1,10,5,11,11
"122106021812","dc1776a9a0e14f4582ec0425908ceea5",2,1,5,5,8,8
"113111020505","dda5335ce205431184ce477ddbedbef7",3,2,,,,
"113111020505","dda5335ce205431184ce477ddbedbef7",1,1,20,25,6,8
"113111020505","dda5335ce205431184ce477ddbedbef7",2,1,30,40,6,8
"106101010605","df04ee2c0e3a4107a7da27f23f41944b",3,2,,,,
"106101010605","df04ee2c0e3a4107a7da27f23f41944b",2,1,10,16,8,8
"106101010605","df04ee2c0e3a4107a7da27f23f41944b",1,1,6,9,8,8
"208102140202","dfbc222d6117426abcbd121d0593bce5",2,2,,,,
"208102140202","dfbc222d6117426abcbd121d0593bce5",3,2,,,,
"208102140202","dfbc222d6117426abcbd121d0593bce5",1,2,,,,
"115303040507","e106494d0ae84f20a841ab351720b8aa",3,1,3,3,96,96
"115303040507","e106494d0ae84f20a841ab351720b8aa",1,1,2,2,96,96
"115303040507","e106494d0ae84f20a841ab351720b8aa",2,1,2,2,96,96
"117106050206","e23a30e088d1453a8394085bff6af8dd",1,1,0,0,,
"117106050206","e23a30e088d1453a8394085bff6af8dd",3,1,0,0,,
"117106050206","e23a30e088d1453a8394085bff6af8dd",2,1,0,0,,
"417107030404","e24222c61b9f4563830fe94cd944785c",3,,,,,
"417107030404","e24222c61b9f4563830fe94cd944785c",2,,,,,
"417107030404","e24222c61b9f4563830fe94cd944785c",1,,,,,
"406108040102","e282714b05cb42bf8b20fc75e0473960",1,,,,,
"406108040102","e282714b05cb42bf8b20fc75e0473960",3,,,,,
"406108040102","e282714b05cb42bf8b20fc75e0473960",2,,,,,
"107403060301","e3166e34b04d473eb589f6a033ae53d2",1,1,60,40,8,8
"107403060301","e3166e34b04d473eb589f6a033ae53d2",2,1,50,55,8,8
"107403060301","e3166e34b04d473eb589f6a033ae53d2",3,1,68,75,8,8
"104102040606","e4d52a1c0a1148dc830cee53ef0df523",3,1,10,9,8,8
"104102040606","e4d52a1c0a1148dc830cee53ef0df523",2,1,5,7,8,8
"104102040606","e4d52a1c0a1148dc830cee53ef0df523",1,1,6,10,8,8
"404403030304","e4ddc650064a4c0f89867f59f249801e",1,1,3,6,6,8
"404403030304","e4ddc650064a4c0f89867f59f249801e",2,1,9,11,6,8
"404403030304","e4ddc650064a4c0f89867f59f249801e",3,1,12,15,6,8
"411203020101","e614b8ae67d44c8cbc5bf5aeccecc8f8",2,1,8,5,8,8
"411203020101","e614b8ae67d44c8cbc5bf5aeccecc8f8",3,1,11,13,8,8
"411203020101","e614b8ae67d44c8cbc5bf5aeccecc8f8",1,1,6,4,8,8
"201210090210","e61b5559a1b4404bb4a22e8c657b33f1",1,,,,,
"201210090210","e61b5559a1b4404bb4a22e8c657b33f1",2,,,,,
"201210090210","e61b5559a1b4404bb4a22e8c657b33f1",3,,,,,
"309204060609","e6d0819875ec42e4b949ea30d57fb7e3",3,2,,,,
"309204060609","e6d0819875ec42e4b949ea30d57fb7e3",2,2,,,,
"309204060609","e6d0819875ec42e4b949ea30d57fb7e3",1,2,,,,
"204101030213","e77d4f6292d24755b7b3c46d7261d6b2",1,,,,,
"204101030213","e77d4f6292d24755b7b3c46d7261d6b2",3,,,,,
"204101030213","e77d4f6292d24755b7b3c46d7261d6b2",2,,,,,
"330110010403","e86a2ea031ca4f9cb0b66693561736c8",2,1,139,122,96,96
"330110010403","e86a2ea031ca4f9cb0b66693561736c8",3,2,,,,
"330110010403","e86a2ea031ca4f9cb0b66693561736c8",1,1,102,112,96,96
"124107010620","e8b86f9566254e76af1d7fe3ff8524a9",3,2,,,,
"124107010620","e8b86f9566254e76af1d7fe3ff8524a9",2,2,,,,
"124107010620","e8b86f9566254e76af1d7fe3ff8524a9",1,1,24,38,8,8
"320102020601","e90883e236674997bdbad9acc116625f",2,,,,,
"320102020601","e90883e236674997bdbad9acc116625f",1,,,,,
"320102020601","e90883e236674997bdbad9acc116625f",3,,,,,
"420108030901","e9acfec9f50e43a884c4db8e14f80beb",3,2,,,,
"420108030901","e9acfec9f50e43a884c4db8e14f80beb",1,2,,,,
"420108030901","e9acfec9f50e43a884c4db8e14f80beb",2,2,,,,
"102105030701","e9e027640d2a4506aec7a34b6c679073",1,,,,,
"102105030701","e9e027640d2a4506aec7a34b6c679073",2,,,,,
"102105030701","e9e027640d2a4506aec7a34b6c679073",3,,,,,
"319105080306","e9ee6e0d15b54db2b26857f7ed93a52b",2,1,37,36,9,9
"319105080306","e9ee6e0d15b54db2b26857f7ed93a52b",1,1,72,102,9,9
"319105080306","e9ee6e0d15b54db2b26857f7ed93a52b",3,1,27,47,9,9
"313102050501","eb8f3695097d4ec5a6d7c65858451483",1,1,14,26,9,9
"313102050501","eb8f3695097d4ec5a6d7c65858451483",2,2,,,,
"313102050501","eb8f3695097d4ec5a6d7c65858451483",3,2,,,,
"303204050605","ebb0b322a786451d9ec7603dc6731c31",3,1,22,66,8,8
"303204050605","ebb0b322a786451d9ec7603dc6731c31",1,2,,,,
"303204050605","ebb0b322a786451d9ec7603dc6731c31",2,1,27,23,8,8
"102104010236","ed628650c92d4517a20209c12a4e6606",2,1,6,6,11,11
"102104010236","ed628650c92d4517a20209c12a4e6606",1,1,31,30,11,11
"102104010236","ed628650c92d4517a20209c12a4e6606",3,1,9,1,8,8
"405301040904","ee245be814ce483aa8b66c3b2b0b6216",3,,,,,
"405301040904","ee245be814ce483aa8b66c3b2b0b6216",2,,,,,
"405301040904","ee245be814ce483aa8b66c3b2b0b6216",1,,,,,
"223135040509","ef0a2c1050d9446fa88afe6aaecd83fb",1,,,,,
"223135040509","ef0a2c1050d9446fa88afe6aaecd83fb",3,,,,,
"223135040509","ef0a2c1050d9446fa88afe6aaecd83fb",2,,,,,
"108106030909","f11ff6935d374a37bd9267163c43ea0e",3,1,0,1,,5
"108106030909","f11ff6935d374a37bd9267163c43ea0e",2,2,,,,
"108106030909","f11ff6935d374a37bd9267163c43ea0e",1,2,,,,
"428111030515","f2753e0a1ee1407cbf044f9bf4084302",3,2,,,,
"428111030515","f2753e0a1ee1407cbf044f9bf4084302",2,2,,,,
"428111030515","f2753e0a1ee1407cbf044f9bf4084302",1,2,,,,
"219103120104","f310f9362b1e4295837d273e1b467904",2,2,,,,
"219103120104","f310f9362b1e4295837d273e1b467904",3,2,,,,
"219103120104","f310f9362b1e4295837d273e1b467904",1,2,,,,
"223121010401","f4f37a3e35c44dc4924cadb9b8f38a0c",1,1,0,1,,4
"223121010401","f4f37a3e35c44dc4924cadb9b8f38a0c",2,2,,,,
"223121010401","f4f37a3e35c44dc4924cadb9b8f38a0c",3,2,,,,
"214114030515","f7c8666f68b24340884eb314238f39c2",2,1,12,7,8,8
"214114030515","f7c8666f68b24340884eb314238f39c2",3,1,11,14,8,8
"214114030515","f7c8666f68b24340884eb314238f39c2",1,1,6,8,8,8
"415106081213","fa6d43e574104dbeaabc1c15d349f6b4",2,2,,,,
"415106081213","fa6d43e574104dbeaabc1c15d349f6b4",1,2,,,,
"415106081213","fa6d43e574104dbeaabc1c15d349f6b4",3,2,,,,
"418209070214","fad0449bb4f0427aa9434d98c5e8ddf5",3,1,15,13,8,8
"418209070214","fad0449bb4f0427aa9434d98c5e8ddf5",2,1,13,9,8,8
"418209070214","fad0449bb4f0427aa9434d98c5e8ddf5",1,1,11,7,8,8
"415110040403","fbdb75a9b0ab4f63b55032a65a48dc0f",1,2,,,,
"415110040403","fbdb75a9b0ab4f63b55032a65a48dc0f",3,2,,,,
"415110040403","fbdb75a9b0ab4f63b55032a65a48dc0f",2,2,,,,
"417102010602","fc8c4458e87f4d78814c817cd3bb82f9",3,1,43,39,8,8
"417102010602","fc8c4458e87f4d78814c817cd3bb82f9",2,1,19,25,8,8
"417102010602","fc8c4458e87f4d78814c817cd3bb82f9",1,1,23,36,8,8
"314103040301","fd96d6f934ab45739d166b07618b3031",3,,,,,
"314103040301","fd96d6f934ab45739d166b07618b3031",1,1,0,8,,4
"314103040301","fd96d6f934ab45739d166b07618b3031",2,,,,,
"207104010604","fe36e5eff69c4cb2959c1c44ea20f418",3,1,,,,
"207104010604","fe36e5eff69c4cb2959c1c44ea20f418",2,1,22,32,96,96
"207104010604","fe36e5eff69c4cb2959c1c44ea20f418",1,1,44,57,9,96
"208107130101","ff38ebd77e0b421a8e2cc2c790ae9232",1,1,1,2,96,4
"208107130101","ff38ebd77e0b421a8e2cc2c790ae9232",2,1,4,2,96,96
"208107130101","ff38ebd77e0b421a8e2cc2c790ae9232",3,2,,,,
"102103010916","ffc83c8361694f8081915379007bb634",3,2,,,,
"102103010916","ffc83c8361694f8081915379007bb634",2,1,2,8,9,5
"102103010916","ffc83c8361694f8081915379007bb634",1,1,4,0,8,
